{   "report_id": "Eagle_RRHH",   "date": "2024-09-23",   "page": 9,   "detected_elements": {     "KPIs": [       {         "kpi_title": "Importe provisiu00f3n",         "kpi_value": "202.710 u20ac",         "kpi_reference": null,         "insights": "The total amount provisioned is substantial, indicating a strong financial commitment."       },       {         "kpi_title": "u00cdndice de rotaciu00f3n",         "kpi_value": "20 %",         "kpi_reference": null,         "insights": "A 20% turnover rate suggests potential challenges in employee retention."       },       {         "kpi_title": "u00cdndice de rotaciu00f3n",         "kpi_value": "11 %",         "kpi_reference": null,         "insights": "The second index of rotation indicates varying metrics potentially representing different departments or timeframes."       },       {         "kpi_title": "Nu00ba de embargos",         "kpi_value": "28",         "kpi_reference": null,         "insights": "There are 28 active embargoes, which could affect cash flow and operations."       },       {         "kpi_title": "Nu00ba anticipos solicitados",         "kpi_value": "65",         "kpi_reference": null,         "insights": "A relatively high number of requested advances could indicate a need for better financial management among employees."       },       {         "kpi_title": "Nu00ba de trabajadores",         "kpi_value": "666",         "kpi_reference": null,         "insights": "The organization employs a total of 666 individuals, suggesting a moderate-sized workforce."       },       {         "kpi_title": "Absenteeism",         "kpi_value": "2.30 %",         "kpi_reference": null,         "insights": "Low absenteeism rate may reflect high employee morale or effective attendance policies."       },       {         "kpi_title": "Disability",         "kpi_value": "0.04 %",         "kpi_reference": null,         "insights": "The disability rate is very low, indicating inclusivity and effective compliance with regulations."       },       {         "kpi_title": "Importe bonificaciones",         "kpi_value": "139.273 u20ac",         "kpi_reference": null,         "insights": "Significant bonuses provided may enhance employee satisfaction and retention."       }     ],     "charts": [       {         "visualization_title": "Importe provisiu00f3n convenio por au00f1o y mes",         "visualization_type": "Line Chart",         "metrics_displayed": ["Importe provision"],         "values": ["<Values not specified>"],         "insights": "The line chart exhibits fluctuation over time, indicating periods of high and low investment."       }     ],     "tables": [       {         "table_title": "Importe provisiu00f3n convenio",         "columns": ["Centro de trabajo", "Importe provisiu00f3n convenio", "Mes anterior Dif %", "Mes au00f1o anterior Dif %"],         "rows": [           ["Centro de trabajo 6", "24.752,68 u20ac", "0,00 %", "0,00 %"],           ["Centro de trabajo 5", "22.779,93 u20ac", "0,00 %", "0,00 %"],           ["Centro de trabajo 73", "22.387,74 u20ac", "0,00 %", "0,00 %"],           ["Centro de trabajo 40", "19.065,23 u20ac", "0,00 %", "0,00 %"],           ["Centro de trabajo 17", "16.987,53 u20ac", "0,00 %", "0,00 %"],           ["Centro de trabajo 13", "15.224,00 u20ac", "0,00 %", "0,00 %"],           ["Centro de trabajo 28", "14.781,95 u20ac", "0,00 %", "0,00 %"],           ["Centro de trabajo 23", "13.830,87 u20ac", "0,00 %", "0,00 %"],           ["Centro de trabajo 41", "13.260,38 u20ac", "0,00 %", "0,00 %"],           ["Centro de trabajo 61", "12.798,37 u20ac", "0,00 %", "0,00 %"],           ["Centro de trabajo 3", "10.530,72 u20ac", "0,00 %", "0,00 %"],           ["Centro de trabajo 65", "8.728,12 u20ac", "0,00 %", "0,00 %"],           ["Centro de trabajo 8", "4.776,30 u20ac", "0,00 %", "0,00 %"],           ["Centro de trabajo 76", "471,00 u20ac", "0,00 %", "0,00 %"],           ["Total", "202.709,50 u20ac", "0,00 %", "0,00 %"]         ],         "insight": "This table summarizes the provision costs across various work centers, indicating stable provision amounts with no percentage changes."       }     ]   },   "final_conclusions": "The dashboard presents a comprehensive overview of KPIs, visualizations, and tables. The overall metrics indicate a stable but potentially concerning employee turnover and absenteeism, while the provision data across work centers shows consistency. Recommendations include diving deeper into turnover causes and improving employee satisfaction initiatives to enhance retention." }