{   "report_id": "Eagle_Ventas",   "date": "2024-09-23",   "page": 7,   "detected_elements": {     "KPIs": [       {         "kpi_title": "Invoice CY",         "kpi_value": "343.022",         "kpi_reference": "Previous Year: 4,357.741",         "insights": "Significant decrease of 92.13% compared to the previous year."       },       {         "kpi_title": "Cost CY",         "kpi_value": "93.057",         "kpi_reference": "",         "insights": "The cost for the current year indicates operational expenses associated with the generated revenue."       },       {         "kpi_title": "Backlog CY",         "kpi_value": "634.482",         "kpi_reference": "Backlog Total: 634.482",         "insights": "A high backlog indicates potential future revenue opportunities."       },       {         "kpi_title": "Margin CY",         "kpi_value": "249.965",         "kpi_reference": "",         "insights": "The margin indicates profitability from the current year's invoices."       }     ],     "charts": [       {         "visualization_title": "Invoice CY and PY by Month",         "visualization_type": "Table",         "metrics_displayed": [           "Month",           "Invoice CY",           "Invoice PY",           "Invoice Diff % CY vs PY"         ],         "values": [           ["January", "343.022", "265.651", "29.13 %"],           ["February", "592.675", "", "-100.00 %"],           ["March", "450.066", "", "-100.00 %"],           ["April", "437.125", "", "-100.00 %"],           ["May", "358.284", "", "-100.00 %"],           ["June", "100.350", "", "-100.00 %"],           ["July", "411.104", "", "-100.00 %"],           ["August", "373.273", "", "-100.00 %"],           ["September", "106.590", "", "-100.00 %"],           ["October", "210.955", "", "-100.00 %"],           ["November", "345.142", "", "-100.00 %"],           ["December", "706.526", "", "-100.00 %"],           ["Total", "343.022", "4,357.741", "-92.13 %"]         ],         "insights": "The data shows very low invoice amounts across most months, indicating a severe decline in sales."       }     ],     "tables": [       {         "table_title": "Invoice CY by Products",         "columns": [           "Product Family",           "Invoice CY",           "Qty",           "Model Invoice CY"         ],         "rows": [           ["Human Generators", "187.015", "11", "5"],           ["SHF Power Line RAD 56w 3ph ", "40.467", "3", "1"],           ["SHF Power Line RAD 66w 3ph", "63.149", "3", "2"],           ["Miscellaneous", "202.868", "6", ""],           ["Other Components", "173.525", "6", ""],           ["X-ray Tubes", "177.523", "6", ""],           ["Total", "343.022", "17", ""]         ],         "insight": "The majority of revenue comes from Human Generators, with notable contributions from miscellaneous items and other components. However, revenue remains critically low."       }     ]   },   "final_conclusions": "The dashboard indicates a critical decline in sales performance, with invoice totals significantly lower than the previous year. The backlog presents future opportunity but immediate strategies are needed to recover sales. Targeting higher sales in key product categories could enhance overall performance." }