{   "report_id": "Eagle_RRHH",   "date": "2024-09-23",   "page": 12,   "detected_elements": {     "KPIs": [],     "charts": [],     "tables": [       {         "table_title": "Sueldo y Salarios",         "columns": ["Mu00e9trica", "Definiciu00f3n"],         "rows": [           ["Sueldo y Salarios (u20ac)", "Todos los conceptos salariales, incluida PPE. No se incluiru00e1 la paga extra en el mes de pago. No se incluyen indemnizaciones ni provisiones. No se incluyen liquidaciones de Paga Extra ni vacaciones de finiquitos."]         ],         "insight": "This table defines the metric 'Sueldo y Salarios', listing which salary components are included and excluded. It's essential for understanding how salary figures are calculated."       }     ]   },   "final_conclusions": "The data primarily focuses on the definition of salary metrics without specific KPI values or visualizations. Further information may be necessary to draw more comprehensive insights." }