{
    "report_id": "Eagle_Ventas",
    "date": "2024-09-23",
    "page": 2,
    "detected_elements": {
        "KPIs": [
            {
                "kpi_title": "Total Amount Increase",
                "kpi_value": "200.69 mil",
                "kpi_reference": "Previous Year",
                "insights": "Significant increase in sales indicates positive customer demand."
            },
            {
                "kpi_title": "Total Amount Decrease",
                "kpi_value": "-107.60 mil",
                "kpi_reference": "Previous Year",
                "insights": "A decrease suggests potential issues for certain customer segments."
            }
        ],
        "charts": [
            {
                "visualization_title": "Top 30 Increase",
                "visualization_type": "Bar Chart",
                "metrics_displayed": [
                    "Customer",
                    "Invoice CY",
                    "Invoice P1YTD"
                ],
                "values": [
                    "Customer 788: 0.3 mil",
                    "Customer 1664: 0.2 mil",
                    "Customer 774: 0.2 mil",
                    "Customer 1676: 0.1 mil",
                    "Customer 775: 0.1 mil",
                    "Customer 558: 0.1 mil",
                    "Customer 2292: 0.1 mil",
                    "Customer 3221: 0.1 mil",
                    "Customer 2268: 0.0 mil",
                    "Customer 1672: 0.0 mil",
                    "Customer 2213: 0.0 mil"
                ],
                "insights": "Strong growth in specific customer segments suggests effective sales strategies."
            },
            {
                "visualization_title": "Top 30 Decrease",
                "visualization_type": "Bar Chart",
                "metrics_displayed": [
                    "Customer",
                    "Invoice CY",
                    "Invoice P1YTD"
                ],
                "values": [
                    "Customer 788: 0.3 mil",
                    "Customer 1664: 0.2 mil",
                    "Customer 774: 0.2 mil",
                    "Customer 1676: 0.1 mil",
                    "Customer 775: 0.1 mil",
                    "Customer 558: 0.1 mil",
                    "Customer 2292: 0.1 mil"
                ],
                "insights": "Identifying customers with declining sales can help target retention strategies."
            }
        ],
        "tables": [
            {
                "table_title": "Net Amount YTD vs PYTD by Customer",
                "columns": [
                    "Customer",
                    "Invoice CY",
                    "Invoice P1YTD"
                ],
                "rows": [
                    [
                        "Customer 788",
                        "0.3 mil",
                        "4.4 mil"
                    ],
                    [
                        "Customer 1664",
                        "0.2 mil",
                        "4.9 mil"
                    ],
                    [
                        "Customer 774",
                        "0.2 mil",
                        "4.9 mil"
                    ],
                    [
                        "Customer 1676",
                        "0.1 mil",
                        "14.1 mil"
                    ],
                    [
                        "Customer 775",
                        "0.1 mil",
                        "2.1 mil"
                    ],
                    [
                        "Customer 558",
                        "0.1 mil",
                        "12.8 mil"
                    ],
                    [
                        "Customer 2292",
                        "0.1 mil",
                        "5.3 mil"
                    ],
                    [
                        "Customer 211",
                        "0.1 mil",
                        "4.7 mil"
                    ],
                    [
                        "Customer 644",
                        "0.1 mil",
                        ""
                    ],
                    [
                        "Customer 3221",
                        "0.1 mil",
                        "9.0 mil"
                    ],
                    [
                        "Customer 2268",
                        "0.0 mil",
                        "5.7 mil"
                    ],
                    [
                        "Customer 1672",
                        "0.0 mil",
                        "3.5 mil"
                    ],
                    [
                        "Customer 2213",
                        "0.0 mil",
                        "1.4 mil"
                    ],
                    [
                        "Customer 2559",
                        "0.0 mil",
                        "1.9 mil"
                    ],
                    [
                        "Customer 229",
                        "0.0 mil",
                        ""
                    ],
                    [
                        "Customer 3554",
                        "0.0 mil",
                        ""
                    ],
                    [
                        "Customer 2311",
                        "0.0 mil",
                        ""
                    ],
                    [
                        "Customer 2302",
                        "0.0 mil",
                        ""
                    ],
                    [
                        "Customer 711",
                        "0.0 mil",
                        "2.6 mil"
                    ],
                    [
                        "Customer 1763",
                        "0.0 mil",
                        ""
                    ],
                    [
                        "Customer 2392",
                        "0.0 mil",
                        "5.9 mil"
                    ],
                    [
                        "Customer 2305",
                        "0.0 mil",
                        ""
                    ],
                    [
                        "Customer 2319",
                        "0.0 mil",
                        ""
                    ]
                ],
                "insight": "This table illustrates a mix of customer performance, indicating strong performers and potential at-risk customers."
            }
        ]
    },
    "final_conclusions": "The dashboard data presents both challenges and opportunities. While there is a notable overall increase in sales for several customers, others exhibit concerning declines necessitating follow-up actions."
}