{   "report_id": "Eagle_RRHH",   "date": "2024-09-23",   "page": 11,   "detected_elements": {     "KPIs": [       {         "kpi_title": "Sueldo y Salarios (u20ac)",         "kpi_value": "N/A",         "kpi_reference": "N/A",         "insights": "Represents all salary concepts; additional payments are not included."       },       {         "kpi_title": "Importe (u20ac)",         "kpi_value": "N/A",         "kpi_reference": "N/A",         "insights": "Indicates the amount related to processes for lower status due to different reasons."       },       {         "kpi_title": "Nu00ba de bajas AT/EP",         "kpi_value": "N/A",         "kpi_reference": "N/A",         "insights": "Tracks the number of temporary absences related to work accidents or maternity leave."       }     ],     "charts": [       {         "visualization_title": "Video corporativo",         "visualization_type": "Video",         "metrics_displayed": [],         "values": [],         "insights": "A corporate video link is provided, but no metrics are displayed."       }     ],     "tables": [],     "final_conclusions": "The dashboard focuses on salary metrics, absences, and relevant processes impacting HR. There are no complete tables captured."   } }