{   "report_id": "Eagle_RRHH",   "date": "2024-09-23",   "page": 13,   "detected_elements": {     "KPIs": [       {         "kpi_title": "Selecciu00f3n actual",         "kpi_value": "12.398.128 u20ac",         "kpi_reference": "N/A",         "insights": "This represents the current selection value, but there is no change compared to the previous periods."       },       {         "kpi_title": "Mes anterior",         "kpi_value": "12.398.128 u20ac",         "kpi_reference": "N/A",         "insights": "The value remains consistent with the current selection."       },       {         "kpi_title": "Mismo mes au00f1o anterior",         "kpi_value": "12.398.128 u20ac",         "kpi_reference": "N/A",         "insights": "No growth or decline is observed compared to the same month last year."       },       {         "kpi_title": "Acumulado au00f1o actual",         "kpi_value": "(En blanco)",         "kpi_reference": "N/A",         "insights": "Data is not available for the current year's accumulated value."       },       {         "kpi_title": "Acumulado au00f1o anterior",         "kpi_value": "(En blanco)",         "kpi_reference": "N/A",         "insights": "Data is not available for the previous year's accumulated value."       }     ],     "charts": [],     "tables": [],     "final_conclusions": "The data shows a consistent value for the current selection across different time frames with no growth evident. However, the absence of accumulated data may hinder performance analysis for both the current and previous years."   } }