{   "report_id": "Eagle_Ventas",   "date": "2024-09-23",   "page": 6,   "detected_elements": {     "KPIs": [],     "charts": [],     "tables": [       {         "table_title": "Invoices Details",         "columns": [           "Customer Name",           "Product Model",           "Date",           "Invoice Number",           "Qty Model",           "Invoice",           "Origin Amount",           "Invoice URL"         ],         "rows": [           ["Customer 788", "SEU-URS-B", "jueves, 27 de abril de 2017", "17000823", "5", "E7884X (1); SHF Power Line RAD 40kw 1ph (5)", "106.186", "114.097,50"],           ["Customer 788", "X-Ray Tubes", "jueves, 25 de mayo de 2017", "17001041", "2", "E7239X (1); E7252X (5); E7245FX (15); E7884X (6)", "97.065", "108.509,00"],           ["Customer 788", "SHF Power Line RAD 50kw 1ph", "lunes, 31 de julio de 2017", "17001651", "8", "E7884X (4); SHF Power Line RAD 50kw 1ph (4)", "94.847", "111.246,00"],           ["Customer 788", "SHF Power Line RAD 50kw 1ph", "martes, 18 de abril de 2017", "17000751", "10", "SHF Power Line RAD 50kw 1ph (10)", "93.965", "99.650,00"],           ["Customer 788", "SHF Power Line RAD 50kw 1ph", "lunes, 21 de febrero de 2017", "17000327", "10", "SHF Power Line RAD 50kw 1ph (10)", "93.568", "99.650,00"],           ["Customer 788", "SHF Power Line RAD 64kw 3ph", "su00e1bado, 30 de diciembre de 2017", "17002954", "10", "SHF Power Line RAD 64kw 3ph (10)", "93.352", "110.650,00"],           ["Customer 788", "SHF Power Line RAD 50kw 1ph", "jueves, 27 de abril de 2017", "17000822", "10", "SHF Power Line RAD 50kw 1ph (10)", "92.741", "99.650,00"],           ["Customer 788", "SHF Power Line RAD 50kw 1ph", "martes, 28 de marzo de 2017", "17000613", "10", "SHF Power Line RAD 50kw 1ph (10)", "92.226", "99.650,00"],           ["Customer 788", "SHF Power Line RAD 40kw 1ph", "jueves, 03 de agosto de 2017", "17001711", "6", "E7884X (4); SHF Power Line RAD 40kw 1ph (4)", "90.431", "96.146,16"],           ["Customer 788", "SHF Power Line RAD 64kw 3ph", "miu00e9rcoles, 25 de enero de 2017", "17000900", "6", "E7254FX (6); SHF Power Line RAD 64kw 3ph (6)", "87.585", "93.120,00"],           ["Customer 788", "Miscellaneous", "jueves, 25 de enero de 2018", "17000929", "6", "Miscellaneous (13)", "86.101", "105.517,50"],           ["Customer 788", "X-Ray Tubes", "lunes, 06 de febrero de 2017", "17001917", "20", "E7254FX (20)", "82.953", "89.100,00"],           ["Customer 788", "Miscellaneous", "viernes, 22 de septiembre de 2017", "17001748", "1", "Miscellaneous (31)", "81.839", "96.635,00"],           ["Customer 788", "SHF Power Line RAD 64kw 3ph", "jueves, 03 de agosto de 2017", "17001708", "8", "SHF Power Line RAD 64kw 3ph (8)", "75.471", "88.520,00"],           ["Customer 788", "X-Ray Tubes", "martes, 23 de enero de 2018", "18000065", "2", "E7884X (2)", "74.368", "91.138,50"],           ["Customer 788", "SHF Power Line RAD 50kw 1ph", "martes, 28 de marzo de 2017", "17001711", "6", "E7884X (4); SHF Power Line RAD 50kw 1ph (4)", "91.650", "107.496,00"]         ],         "insight": "The invoices reveal the sales dynamics involving customer 788 over multiple dates and product models. The data indicates a variety of products with different sales amounts, highlighting trends in customer purchasing behavior."       }     ]   },   "final_conclusions": "The analysis of the table indicates that a significant portion of sales comes from recurring product lines, particularly 'SHF Power Line' models. The variability in invoice amounts suggests fluctuations in demand and pricing strategies. Overall, customer 788 appears to be a valuable client with consistent purchasing activity." }