{   "report_id": "Eagle_Ventas",   "date": "2024-09-23",   "page": 8,   "detected_elements": {     "KPIs": [],     "charts": [       {         "visualization_title": "Trend Invoice by Product Family",         "visualization_type": "Line Chart",         "metrics_displayed": ["Battery mobile", "Breakway Mobile"],         "values": ["5 mill.", "0 mill."],         "insights": "The line chart illustrates the invoices over the years 2015 to 2018 for two product families, indicating noticeable fluctuations particularly for Battery mobile."       }     ],     "tables": [],     "final_conclusions": "The visible data indicates variations in invoice trends over the years for Battery mobile and Breakway Mobile, which may warrant further investigation into sales strategies or market conditions affecting these products."   } }