{
    "report_id": "Eagle_Ventas",
    "date": "2024-09-23",
    "page": 10,
    "detected_elements": {
        "KPIs": [],
        "charts": [
            {
                "visualization_title": "Trend Invoice by Customer",
                "visualization_type": "Line Chart",
                "metrics_displayed": [
                    "Invoice Amount"
                ],
                "values": [
                    "Customer 1664",
                    "Customer 1676"
                ],
                "insights": "The line chart indicates fluctuations in invoice amounts for both customers over the years from 2015 to 2018. Customer 1664 shows higher variability in invoices, particularly with significant peaks, while Customer 1676 displays more stable transaction amounts with gradual increases."
            }
        ],
        "tables": [],
    },
    "final_conclusions": "The analysis shows that while Customer 1664 has periods of high activity and invoice fluctuations, Customer 1676 maintains steadier performance. This could suggest differing levels of engagement or varying purchasing behavio
    rs that may need further investigation."
}