{   "report_id": "Eagle_RRHH",   "date": "2024-09-23",   "page": 5,   "detected_elements": {     "KPIs": [       {         "kpi_title": "Importe",         "kpi_value": "372.787 u20ac",         "kpi_reference": null,         "insights": "High total cost associated with absenteeism."       },       {         "kpi_title": "Coste personal total",         "kpi_value": "16.236.96 u20ac",         "kpi_reference": null,         "insights": "Signifies the total personnel costs impacting overall absenteeism."       },       {         "kpi_title": "u00cdndice Absentismo",         "kpi_value": "2,30%",         "kpi_reference": null,         "insights": "Indicates a manageable level of absenteeism but could improve."       },       {         "kpi_title": "Complemento IT",         "kpi_value": "121.378 u20ac",         "kpi_reference": null,         "insights": "This represents the amount provided for temporary incapacity."       },       {         "kpi_title": "Importe bonificaciones",         "kpi_value": "139.273 u20ac",         "kpi_reference": null,         "insights": "Total bonuses granted; could reflect employer strategies to mitigate absenteeism."       },       {         "kpi_title": "# Empleados",         "kpi_value": "666",         "kpi_reference": null,         "insights": "Total employee count; important for context of other metrics."       }     ],     "charts": [       {         "visualization_title": "Importe por au00f1o y mes",         "visualization_type": "Line Chart",         "metrics_displayed": ["Importe"],         "values": ["Values fluctuating over the years 2018 to 2019"],         "insights": "Shows trends in absenteeism costs over time, with peaks indicating higher absenteeism periods."       }     ],     "tables": [       {         "table_title": "Centro de trabajo",         "columns": ["Centro de trabajo", "Importe", "Mes anterior Dif %", "Mes au00f1o anterior Dif %"],         "rows": [           ["Centro de trabajo 6", "106.835,11 u20ac", "0,00 %", "0,00 %"],           ["Centro de trabajo 5", "77.364,14 u20ac", "0,00 %", "0,00 %"],           ["Centro de trabajo 73", "38.324,22 u20ac", "0,00 %", "0,00 %"],           ["Centro de trabajo 3", "25.490,31 u20ac", "0,00 %", "0,00 %"],           ["Centro de trabajo 23", "24.534,64 u20ac", "0,00 %", "0,00 %"],           ["Centro de trabajo 40", "20.806,93 u20ac", "0,00 %", "0,00 %"],           ["Centro de trabajo 13", "18.097,21 u20ac", "0,00 %", "0,00 %"],           ["Centro de trabajo 28", "12.857,65 u20ac", "0,00 %", "0,00 %"],           ["Centro de trabajo 17", "11.387,25 u20ac", "0,00 %", "0,00 %"],           ["Centro de trabajo 4", "10.843,40 u20ac", "0,00 %", "0,00 %"],           ["Centro de trabajo 33", "9.774,73 u20ac", "0,00 %", "0,00 %"],           ["Centro de trabajo 41", "6.714,04 u20ac", "0,00 %", "0,00 %"],           ["Centro de trabajo 65", "4.873,41 u20ac", "0,00 %", "0,00 %"],           ["Centro de trabajo 34", "4.506,91 u20ac", "0,00 %", "0,00 %"],           ["Total", "372.787,44 u20ac", "0,00 %", "0,00 %"]         ],         "insight": "Presents the financial distribution across various centers, showing which centers incur the highest costs related to absenteeism."       }     ]   },   "final_conclusions": "The data indicates a significant financial impact due to absenteeism, with varying contributions from different work centers. The metrics show stable trends but also highlight areas for potential improvement in managing absenteeism." }