{   "report_id": "Eagle_RRHH",   "date": "2024-09-23",   "page": 10,   "detected_elements": {     "KPIs": [       {         "kpi_title": "Sueldo y Salarios (u20ac)",         "kpi_value": "N/A",         "kpi_reference": "N/A",         "insights": "Represents all salary concepts, including PPE, excluding any extra pay in the payment month."       },       {         "kpi_title": "Importe (u20ac)",         "kpi_value": "N/A",         "kpi_reference": "N/A",         "insights": "Reflects the amount of processes for the indicators AT/EP and includes details on benefits."       },       {         "kpi_title": "Nu00famero de bajas AT/EP",         "kpi_value": "N/A",         "kpi_reference": "N/A",         "insights": "Indicates the number of processes for these indicators that were active and closed within the month."       },       {         "kpi_title": "Nu00famero de trabajadores equivalente con AT/EP",         "kpi_value": "N/A",         "kpi_reference": "N/A",         "insights": "Total count of employees equivalent for AT/EP standards."       },       {         "kpi_title": "Nu00famero bajas maternidad (criterio antes y despuu00e9s del cambio)",         "kpi_value": "N/A",         "kpi_reference": "N/A",         "insights": "Counts maternity processes in that month while considering criteria changes."       }     ],     "charts": [],     "tables": [],     "final_conclusions": "The KPIs provide insights into various salary components and employee absence metrics, which can inform future HR decisions and policies."   } }