{
    "report_id": "Eagle_RRHH",
    "date": "2024-09-23",
    "page": 3,
    "detected_elements": {
        "KPIs": [
            {
                "kpi_title": "Saldos Totales",
                "kpi_value": "12.398.128 u20ac",
                "kpi_reference": "N/A",
                "insights": "Total salary expenses indicate considerable payroll investment."
            },
            {
                "kpi_title": "Atrasos",
                "kpi_value": "190.383 u20ac",
                "kpi_reference": "N/A",
                "insights": "High backlog indicates potential inefficiencies or delays in salary processing."
            },
            {
                "kpi_title": "Bonus",
                "kpi_value": "385.528 u20ac",
                "kpi_reference": "N/A",
                "insights": "Bonus distribution reflects employee incentive policies."
            },
            {
                "kpi_title": "Indemnizaciu00f3n Total",
                "kpi_value": "39.403 u20ac",
                "kpi_reference": "N/A",
                "insights": "Relevant for assessing employee turnover and associated costs."
            },
            {
                "kpi_title": "Indemnizaciu00f3n Despido",
                "kpi_value": "27.392 u20ac",
                "kpi_reference": "N/A",
                "insights": "Tracks costs related to layoffs and workforce adjustments."
            },
            {
                "kpi_title": "Indemnizaciu00f3n Finalizaciu00f3n",
                "kpi_value": "12.012 u20ac",
                "kpi_reference": "N/A",
                "insights": "Indicates costs involved in contract terminations."
            },
            {
                "kpi_title": "Coste S.S.",
                "kpi_value": "3.838.837 u20ac",
                "kpi_reference": "N/A",
                "insights": "Significant expense for social security contributions."
            },
            {
                "kpi_title": "Coste S.S. Atrasos",
                "kpi_value": "60.295 u20ac",
                "kpi_reference": "N/A",
                "insights": "Highlights delayed contributions which may attract penalties."
            },
            {
                "kpi_title": "Coste S.S. Bonus",
                "kpi_value": "10.699 u20ac",
                "kpi_reference": "N/A",
                "insights": "Additional costs associated with bonuses in social security."
            },
            {
                "kpi_title": "# Empleados",
                "kpi_value": "666",
                "kpi_reference": "N/A",
                "insights": "Employee headcount is essential for workforce planning."
            }
        ],
        "charts": [
            {
                "visualization_title": "Sueldo y Salarios por Au00f1o y Mes",
                "visualization_type": "Line Chart",
                "metrics_displayed": [
                    "Sueldo y Salarios"
                ],
                "values": [
                    "350 mil u20ac",
                    "400 mil u20ac",
                    "450 mil u20ac",
                    "500 mil u20ac",
                    "550 mil u20ac",
                    "600 mil u20ac",
                    "650 mil u20ac"
                ],
                "insights": "The trend indicates a steady increase in salary expenses over the given period."
            }
        ],
        "tables": [
            {
                "table_title": "Sueldo y Salarios Detalle por Centro de Trabajo",
                "columns": [
                    "Centro de trabajo",
                    "Sueldo y Salarios",
                    "Mes anterior Dif %",
                    "Mes au00f1o anterior Dif %"
                ],
                "rows": [
                    [
                        "Centro de trabajo 5",
                        "1.947.438,92 u20ac",
                        "0,00 %",
                        "0,00 %"
                    ],
                    [
                        "Centro de trabajo 6",
                        "1.898.667,18 u20ac",
                        "0,00 %",
                        "0,00 %"
                    ],
                    [
                        "Centro de trabajo 73",
                        "1.570.845,96 u20ac",
                        "0,00 %",
                        "0,00 %"
                    ],
                    [
                        "Centro de trabajo 3",
                        "1.246.476,36 u20ac",
                        "0,00 %",
                        "0,00 %"
                    ],
                    [
                        "Centro de trabajo 34",
                        "779.558,72 u20ac",
                        "0,00 %",
                        "0,00 %"
                    ],
                    [
                        "Centro de trabajo 17",
                        "748.530,91 u20ac",
                        "0,00 %",
                        "0,00 %"
                    ],
                    [
                        "Centro de trabajo 13",
                        "594.754,07 u20ac",
                        "0,00 %",
                        "0,00 %"
                    ],
                    [
                        "Total",
                        "12.398.128,09 u20ac",
                        "0,00 %",
                        "0,00 %"
                    ]
                ],
                "insight": "Each center has maintained a consistent salary expense profile with no variation YoY."
            }
        ],
        "final_conclusions": "The analysis reflects a comprehensive overview of the salary expenditures, highlighting areas for potential cost optimization, especially in backlogs and social security contributions."
    }
}