{   "report_id": "Eagle_RRHH",   "date": "2024-09-23",   "page": 7,   "detected_elements": {     "KPIs": [       {         "kpi_title": "Nu00famero de du00edas devengados",         "kpi_value": "125.873",         "kpi_reference": null,         "insights": "Indicates the total accrued vacation days, which is crucial for workforce management."       },       {         "kpi_title": "Coste du00edas devengados",         "kpi_value": "5.677.198,1 u20ac",         "kpi_reference": null,         "insights": "The cost associated with accrued vacation days can impact budgeting."       },       {         "kpi_title": "Nu00famero de du00edas periodificados",         "kpi_value": "109.552",         "kpi_reference": null,         "insights": "This KPI shows the total number of vacation days accounted for in the current period."       },       {         "kpi_title": "Nu00famero de du00edas disfrutados",         "kpi_value": "14.459",         "kpi_reference": null,         "insights": "Represents the days taken off, indicating employee rest and engagement."       },       {         "kpi_title": "Coste du00edas disfrutados",         "kpi_value": "652.126,77 u20ac",         "kpi_reference": null,         "insights": "Highlights the financial impact of vacation days taken by employees."       },       {         "kpi_title": "Importe bonificaciones",         "kpi_value": "139.273 u20ac",         "kpi_reference": null,         "insights": "Shows the amount allocated for bonuses related to vacation policies."       },       {         "kpi_title": "Nu00famero de empleados",         "kpi_value": "666",         "kpi_reference": null,         "insights": "Total workforce size, relevant for calculating average vacation days per employee."       },       {         "kpi_title": "u00cdndice de sustituciu00f3n",         "kpi_value": "56,57 %",         "kpi_reference": null,         "insights": "Indicates the proportion of substitutive hires during absences, crucial for staffing strategies."       },       {         "kpi_title": "Absentismo",         "kpi_value": "2,30 %",         "kpi_reference": null,         "insights": "A key indicator of employee attendance and engagement."       },       {         "kpi_title": "Discapacidad",         "kpi_value": "0,04 %",         "kpi_reference": null,         "insights": "Low percentage indicates a minimal representation of employees with disabilities."       }     ],     "charts": [       {         "visualization_title": "Nu00famero de du00edas devengados de vacaciones por au00f1o y mes",         "visualization_type": "Line Chart",         "metrics_displayed": ["Nu00famero de du00edas devengados"],         "values": ["10.000", "8.000", "6.000", "4.000", "2.000", "0"],         "insights": "The trend indicates fluctuations in vacation accrual, with peaks and troughs aligned with business cycles."       }     ],     "tables": [       {         "table_title": "Du00edas devengados de vacaciones por centro de trabajo",         "columns": ["Centro de trabajo", "Nu00famero de du00edas devengados de vacaciones", "Mes anterior Dif %", "Mes au00f1o anterior Dif %"],         "rows": [           ["Centro de trabajo 5", "18.780,23", "0,00 %", "0,00 %"],           ["Puesto de trabajo 2", "12.178,39", "0,00 %", "0,00 %"],           ["Puesto de trabajo 142", "2.318,83", "0,00 %", "0,00 %"],           ["Puesto de trabajo 5", "688,72", "0,00 %", "0,00 %"],           ["Puesto de trabajo 3", "685,74", "0,00 %", "0,00 %"],           ["Puesto de trabajo 61", "638,87", "0,00 %", "0,00 %"],           ["Puesto de trabajo 70", "569,89", "0,00 %", "0,00 %"],           ["Puesto de trabajo 10", "493,40", "0,00 %", "0,00 %"],           ["Puesto de trabajo 103", "330,99", "0,00 %", "0,00 %"],           ["Puesto de trabajo 42", "320,26", "0,00 %", "0,00 %"],           ["Puesto de trabajo 81", "259,62", "0,00 %", "0,00 %"],           ["Puesto de trabajo 4", "17,66", "0,00 %", "0,00 %"],           ["Puesto de trabajo 68", "15,76", "0,00 %", "0,00 %"],           ["Total", "125.872,74", "0,00 %", "0,00 %"]         ],         "insight": "This table details vacation days by workforce center, highlighting which areas utilize more vacation days and those that require monitoring for better balance."       }     ]   },   "final_conclusions": "The analysis reveals a comprehensive overview of vacation metrics, with a balanced distribution of days taken vs. accrued. Strategies might be implemented to ensure better utilization of vacation days across all centers, given the low level of absenteeism." }