{   "report_id": "Eagle_Ventas",   "date": "2024-09-23",   "page": 3,   "detected_elements": {     "KPIs": [       {         "kpi_title": "Backlog CY",         "kpi_value": "22,419,351",         "kpi_reference": "previous year",         "insights": "The current year backlog has significantly increased compared to the backlog for the previous year."       },       {         "kpi_title": "Backlog FY",         "kpi_value": "719,391",         "kpi_reference": "previous year",         "insights": "A considerable portion of the backlog is carried over from the previous year, indicating potential delays or inefficiencies."       }     ],     "charts": [],     "tables": [       {         "table_title": "Backlog by Continent and Country",         "columns": ["Continent", "Backlog CY", "Backlog FY", "Backlog Old"],         "rows": [           ["Europe", "11,358,768", "350,328", "N/A"],           ["Spain", "2,516,763", "24,944", "N/A"],           ["Germany", "2,442,230", "37,336", "N/A"],           ["France", "1,829,102", "7,378", "N/A"],           ["Belgium", "1,413,616", "62,596", "N/A"],           ["Netherlands", "1,079,580", "28,276", "N/A"],           ["United Kingdom", "934,809", "157,938", "N/A"],           ["Hungary", "890,297", "N/A", "N/A"],           ["Russian Federation", "101,498", "27,250", "N/A"],           ["Finland", "40,163", "358", "N/A"],           ["Switzerland", "29,382", "N/A", "N/A"],           ["Czech Republic", "13,000", "720", "N/A"],           ["Portugal", "12,830", "N/A", "N/A"],           ["Sweden", "12,780", "N/A", "N/A"],           ["Estonia", "10,495", "N/A", "N/A"],           ["Total", "22,419,351", "719,391", "N/A"]         ],         "insight": "The table displays the backlog by continent and country, with Europe as the highest contributor to the backlog. Countries like Spain and Germany have substantial values, indicating significant demand or backlog."       },       {         "table_title": "Backlog by Customer Class",         "columns": ["Customer Class", "Backlog CY", "Backlog FY", "Backlog Old"],         "rows": [           ["Foreigner", "9,353,772", "274,532", "N/A"],           ["Customer 2495", "3,063,626", "30,439", "N/A"],           ["Customer 2515", "2,165,721", "39,838", "N/A"],           ["Customer 2553", "1,186,250", "30,977", "N/A"],           ["Customer 1672", "824,076", "N/A", "N/A"],           ["Customer 788", "720,918", "1,920", "N/A"],           ["Customer 644", "634,482", "N/A", "N/A"],           ["Customer 168,331", "N/A", "N/A", "N/A"],           ["Customer 1898", "N/A", "N/A", "N/A"],           ["Total", "22,419,351", "719,391", "N/A"]         ],         "insight": "This table details the backlog by customer class, demonstrating that a significant backlog is attributed to foreign customers, which may affect fulfillment strategies."       }     ]   },   "final_conclusions": "The dashboard indicates a rising trend in backlog levels, with a significant portion attributed to foreign customers and several key European markets. Business strategies may need to pivot to accommodate the backlog and improve processing times." }