{   "report_id": "Eagle_RRHH",   "date": "2024-09-23",   "page": 15,   "detected_elements": {     "KPIs": [       {         "kpi_title": "Acumulado au00f1o actual",         "kpi_value": "(En blanco)",         "kpi_reference": "N/A",         "insights": "No data available for the current year."       },       {         "kpi_title": "Acumulado au00f1o anterior",         "kpi_value": "(En blanco)",         "kpi_reference": "N/A",         "insights": "No data available for the previous year."       }     ],     "charts": [],     "tables": [],     "final_conclusions": "No actionable insights can be derived as there are no KPIs, visualizations, or table data captured in the image."   } }