{
    "report_id": "Eagle_RRHH",
    "date": "2024-09-23",
    "page": 2,
    "detected_elements": {
        "KPIs": [
            {
                "kpi_title": "Indefinidos vs Total",
                "kpi_value": "75%",
                "kpi_reference": null,
                "insights": "A high percentage indicates a stable workforce."
            },
            {
                "kpi_title": "Absentismo",
                "kpi_value": "2.30%",
                "kpi_reference": null,
                "insights": "Low absenteeism suggests good employee engagement."
            },
            {
                "kpi_title": "Discapacidad",
                "kpi_value": "0.04%",
                "kpi_reference": null,
                "insights": "Marginal representation of disability, indicating potential for improvement."
            },
            {
                "kpi_title": "Importe bonificaciones",
                "kpi_value": "139,273 u20ac",
                "kpi_reference": null,
                "insights": "Significant amount in bonuses indicates positive performance metrics."
            },
            {
                "kpi_title": "Sustituciu00f3n vacaciones",
                "kpi_value": "56.57%",
                "kpi_reference": null,
                "insights": "Moderate vacation coverage could be optimized."
            }
        ],
        "charts": [
            {
                "visualization_title": "Top 10 Horas Contratadas por Centro",
                "visualization_type": "Bar Chart",
                "metrics_displayed": [
                    "Centro de trabajo",
                    "Horas contratadas"
                ],
                "values": [
                    "102.24%",
                    "101.55%",
                    "101.50%",
                    "101.46%",
                    "101.43%",
                    "101.20%"
                ],
                "insights": "All centers are performing above 100%, indicating excellent resource utilization."
            },
            {
                "visualization_title": "Desglose Masa Salarial",
                "visualization_type": "Stacked Bar Chart",
                "metrics_displayed": [
                    "Sueldo y Salarios",
                    "Atrasos",
                    "Bonus",
                    "Indemnizaciones",
                    "Costes S.S."
                ],
                "values": [
                    "3.9 mill. u20ac",
                    "12.4 mill. u20ac",
                    "12.4 mill. u20ac",
                    "12.4 mill. u20ac"
                ],
                "insights": "Highlighted salary components show a clear structure of salary distribution."
            }
        ],
        "tables": [
            {
                "table_title": "Du00edas de baja en el mes por Puesto",
                "columns": [
                    "Puesto de trabajo",
                    "Nu00ba du00edas de baja"
                ],
                "rows": [
                    [
                        "Puesto de trabajo 2",
                        "491"
                    ],
                    [
                        "Puesto de trabajo 1",
                        "253"
                    ],
                    [
                        "Puesto de trabajo 62",
                        "224"
                    ],
                    [
                        "Puesto de trabajo 9",
                        "161"
                    ],
                    [
                        "Puesto de trabajo 63",
                        "139"
                    ],
                    [
                        "Puesto de trabajo 4",
                        "78"
                    ],
                    [
                        "Total",
                        "1.933"
                    ]
                ],
                "insight": "The table reflects high absenteeism in certain roles, highlighting a need for interventions."
            },
            {
                "table_title": "Anu00e1lisis de Plantilla mes",
                "columns": [
                    "Altas",
                    "Bajas",
                    "Indefinidos",
                    "Temporales",
                    "Sustituciu00f3n"
                ],
                "rows": [
                    [
                        "721",
                        "902",
                        "477",
                        "275",
                        "160"
                    ]
                ],
                "insight": "This table shows a high turnover rate, indicating potential staffing issues."
            }
        ]
    },
    "final_conclusions": "The dashboard presents an overall positive view of employee metrics, particularly low absenteeism and effective resource utilization. However, there are areas requiring attention, particularly in employee turnover and vacation coverage."
}