{
    "report_id": "Eagle_Ventas",
    "date": "2024-09-23",
    "page": 1,
    "detected_elements": {
        "KPIs": [
            {
                "kpi_title": "Invoice CY",
                "kpi_value": "1.658.553",
                "kpi_reference": "-98.48 %",
                "insights": "Significant decrease in invoice values compared to previous periods."
            },
            {
                "kpi_title": "Backlog CY",
                "kpi_value": "22.419.351",
                "kpi_reference": "",
                "insights": "High backlog value indicates potential future sales opportunities."
            }
        ],
        "charts": [
            {
                "visualization_title": "Top 5 Invoice CY by Product Family",
                "visualization_type": "Pie Chart",
                "metrics_displayed": [
                    "Breakaway Mobile",
                    "Battery mob.",
                    "Human Generato.",
                    "Other Com.",
                    "Miscellaneous"
                ],
                "values": [
                    "11%",
                    "12.58%",
                    "33.66%",
                    "13.78%",
                    "28.98%"
                ],
                "insights": "Human Generato. leads in sales by product family, showing strong market preference."
            },
            {
                "visualization_title": "Top 5 Invoice CY by Customer Class",
                "visualization_type": "Pie Chart",
                "metrics_displayed": [
                    "Intra-Community Eu.",
                    "Intra-Com.",
                    "Foreigner Group",
                    "Foreigner"
                ],
                "values": [
                    "5.9%",
                    "24.15%",
                    "24.62%",
                    "41.87%"
                ],
                "insights": "The majority of sales come from Foreigner customers, indicating a niche market."
            },
            {
                "visualization_title": "Top 5 Invoice CY by Customers",
                "visualization_type": "Pie Chart",
                "metrics_displayed": [
                    "Customer 775",
                    "Customer 788",
                    "Customer 774",
                    "Customer 1664"
                ],
                "values": [
                    "13.23%",
                    "35.36%",
                    "17.54%",
                    "18.98%"
                ],
                "insights": "Customer 788 is the top contributor, suggesting targeted marketing could further enhance sales."
            }
        ],
        "tables": [
            {
                "table_title": "Invoice Year to Day",
                "columns": [
                    "Current Year",
                    "Previous Year",
                    "Previous 2 Years",
                    "Previous 3 Years"
                ],
                "rows": [
                    [
                        "1.659 mil",
                        "",
                        "",
                        ""
                    ],
                    [
                        "109.054 mil",
                        "109 mil.",
                        "",
                        ""
                    ],
                    [
                        "111.824 mil",
                        "112 mil.",
                        "",
                        ""
                    ],
                    [
                        "118.282 mil",
                        "118 mil.",
                        "",
                        ""
                    ]
                ],
                "insight": "The current year shows substantial growth compared to the immediate previous years, particularly from 2015 to the current period."
            }
        ]
    },
    "final_conclusions": "The dashboard indicates a notably low current invoice amount with a staggering backlog, highlighting an opportunity for improved sales strategies. Focus on lucrative product families and customer classes may enhance revenue generation."
}