{   "report_id": "Eagle_RRHH",   "date": "2024-09-23",   "page": 16,   "detected_elements": {     "KPIs": [],     "charts": [],     "tables": [       {         "table_title": "KPIs Overview",         "columns": [           "KPI",           "Value"         ],         "rows": [           ["Selecciu00f3n actual", "(En blanco)"],           ["Mes anterior", "(En blanco)"],           ["Mismo mes au00f1o anterior", "(En blanco)"],           ["Acumulado au00f1o actual", "(En blanco)"],           ["Acumulado au00f1o anterior", "(En blanco)"]         ],         "insight": "All KPI values are not provided, indicating a potential data input or tracking issue."       }     ]   },   "final_conclusions": "The dashboard is currently lacking critical KPI data, making any analysis or insights incomplete. Further investigation is needed to resolve the missing data." }