{   "report_id": "Eagle_RRHH",   "date": "2024-09-23",   "page": 4,   "detected_elements": {     "KPIs": [       {         "kpi_title": "Du00edas de baja en el total",         "kpi_value": "1933",         "kpi_reference": null,         "insights": "Total days of absence indicating the overall absenteeism level."       },       {         "kpi_title": "Indefinidos vs Total",         "kpi_value": "75 %",         "kpi_reference": null,         "insights": "High percentage of undefined absences may indicate potential reporting issues."       },       {         "kpi_title": "Tasa de Absentismo",         "kpi_value": "2.30 %",         "kpi_reference": null,         "insights": "The absenteeism rate is relatively low, suggesting good employee engagement."       },       {         "kpi_title": "Discapacidad",         "kpi_value": "0.04 %",         "kpi_reference": null,         "insights": "Very low disability rate, indicating minimal long-term absence impact."       },       {         "kpi_title": "Importe bonificaciones",         "kpi_value": "139.273 u20ac",         "kpi_reference": null,         "insights": "High amount in bonuses possibly linked to good employee retention efforts."       },       {         "kpi_title": "# Empleados",         "kpi_value": "666",         "kpi_reference": null,         "insights": "Total number of employees which could help assess overall absenteeism impact."       },       {         "kpi_title": "Duraciu00f3n EC/ANL",         "kpi_value": "1.809,0",         "kpi_reference": null,         "insights": "Duration value potentially indicating the average absence length."       }     ],     "charts": [       {         "visualization_title": "Nu00famero de du00edas de baja por au00f1o y mes",         "visualization_type": "Line Chart",         "metrics_displayed": ["Du00edas de baja"],         "values": ["Varied over months from Jan 2018 to Oct 2019"],         "insights": "The peaks indicate significant absence periods. Further analysis needed to understand causes."       }     ],     "tables": [       {         "table_title": "Du00edas de baja por centro de trabajo",         "columns": ["Centro de trabajo", "Du00edas de baja en el mes", "Mes anterior Dif %", "Mes au00f1o anterior Dif %"],         "rows": [           ["Centro de trabajo 73", "409", "0,00 %", "0,00 %"],           ["Centro de trabajo 5", "406", "0,00 %", "0,00 %"],           ["Centro de trabajo 6", "317", "0,00 %", "0,00 %"],           ["Centro de trabajo 40", "175", "0,00 %", "0,00 %"],           ["Centro de trabajo 3", "123", "0,00 %", "0,00 %"],           ["Centro de trabajo 23", "120", "0,00 %", "0,00 %"],           ["Centro de trabajo 28", "79", "0,00 %", "0,00 %"],           ["Centro de trabajo 41", "78", "0,00 %", "0,00 %"],           ["Centro de trabajo 13", "44", "0,00 %", "0,00 %"],           ["Centro de trabajo 34", "31", "0,00 %", "0,00 %"],           ["Centro de trabajo 65", "22", "0,00 %", "0,00 %"],           ["Centro de trabajo 17", "19", "0,00 %", "0,00 %"],           ["Total", "1.933", null, null]         ],         "insight": "The total days of absence are concentrated in a few work centers, warranting targeted intervention."       }     ]   },   "final_conclusions": "The analysis indicates the overall absenteeism is within manageable levels, but certain work centers are exhibiting higher absence rates. Proactive measures may be beneficial to address these areas." }