{   "report_id": "Eagle_RRHH",   "date": "2024-09-23",   "page": 8,   "detected_elements": {     "KPIs": [       {         "kpi_title": "Nu00ba Indefinidos",         "kpi_value": "477",         "kpi_reference": "Baseline not provided",         "insights": "The total number of indefinite contracts stands at 477, indicating a significant portion of employment stability."       },       {         "kpi_title": "Nu00ba Sustituciu00f3n",         "kpi_value": "160",         "kpi_reference": "Baseline not provided",         "insights": "This indicates 160 substitutive contracts, possibly reflecting job turnover and replacements."       },       {         "kpi_title": "u00cdndice indefinidos",         "kpi_value": "75 %",         "kpi_reference": "Total",         "insights": "75% of contracts are indefinite, which highlights a strong reliance on permanent staff."       },       {         "kpi_title": "Ausentismo",         "kpi_value": "2.30 %",         "kpi_reference": "Total",         "insights": "A low absenteeism rate of 2.30% suggests good employee engagement and attendance."       },       {         "kpi_title": "Discapacidad",         "kpi_value": "0.04 %",         "kpi_reference": "Total",         "insights": "The percentage of employees with disabilities is very low at 0.04%, indicating potential areas for inclusion efforts."       },       {         "kpi_title": "Importe bonificaciones",         "kpi_value": "139.273 u20ac",         "kpi_reference": "Total",         "insights": "The total amount of bonuses is substantial, indicating financial incentives are being utilized."       },       {         "kpi_title": "# Empleados",         "kpi_value": "666",         "kpi_reference": "Total",         "insights": "The total employee count is 666, reflecting the organization's overall size."       },       {         "kpi_title": "Nu00ba Temporales",         "kpi_value": "275",         "kpi_reference": "Total",         "insights": "The number of temporary contracts at 275 shows reliance on flexible staffing."       },       {         "kpi_title": "Contratos 1 - 6 du00edas",         "kpi_value": "323",         "kpi_reference": "Total",         "insights": "A relatively high count of short-term contracts (1-6 days) suggests a flexible workforce."       },       {         "kpi_title": "Nu00ba Contratos tiemp...",         "kpi_value": "682",         "kpi_reference": "Total",         "insights": "The number of long-term contracts is significant, indicating stable employment."       },       {         "kpi_title": "Nu00ba Contratos tiemp...",         "kpi_value": "249",         "kpi_reference": "Total",         "insights": "Another segment of contracts indicates a focus on segments with variable lengths."       },       {         "kpi_title": "u00cdndice de contratos...",         "kpi_value": "26.75 %",         "kpi_reference": "Total",         "insights": "This indicates a good rate of permanent versus temporary contracts."       }     ],     "charts": [       {         "visualization_title": "Nu00famero Empleados Indefinidos por Au00f1o y Mes",         "visualization_type": "Line Chart",         "metrics_displayed": ["Empleados Indefinidos"],         "values": ["Monthly values not specified"],         "insights": "The trend line indicates fluctuations in the number of indefinite employees over time, showing a general upward trend."       }     ],     "tables": [       {         "table_title": "Centro de trabajo",         "columns": ["Centro de trabajo", "Nu00ba Empleados indefinidos", "Mes anterior Dif %", "Mes au00f1o anterior Dif %"],         "rows": [           ["Centro de trabajo 5", "80", "0.00 %", "0.00 %"],           ["Centro de trabajo 6", "77", "0.00 %", "0.00 %"],           ["Centro de trabajo 73", "74", "0.00 %", "0.00 %"],           ["Centro de trabajo 3", "60", "0.00 %", "0.00 %"],           ["Centro de trabajo 65", "51", "0.00 %", "0.00 %"],           ["Centro de trabajo 17", "27", "0.00 %", "0.00 %"],           ["Centro de trabajo 13", "26", "0.00 %", "0.00 %"],           ["Centro de trabajo 40", "26", "0.00 %", "0.00 %"],           ["Centro de trabajo 41", "22", "0.00 %", "0.00 %"],           ["Centro de trabajo 33", "21", "0.00 %", "0.00 %"],           ["Centro de trabajo 23", "20", "0.00 %", "0.00 %"],           ["Centro de trabajo 28", "17", "0.00 %", "0.00 %"],           ["Centro de trabajo 34", "14", "0.00 %", "0.00 %"],           ["Centro de trabajo 4", "9", "0.00 %", "0.00 %"],           ["Total", "477", "0.00 %", "0.00 %"]         ],         "insight": "The table displays the distribution of indefinite contracts across different work centers, highlighting where employment stability is present."       }     ]   },   "final_conclusions": "The dashboard presents a comprehensive overview of employment metrics, with a focus on the balance between permanent and temporary contracts. The insights suggest areas for improvement in employment stability and inclusion efforts." }