{   "report_id": "Eagle_Ventas",   "date": "2024-09-23",   "page": 9,   "detected_elements": {     "KPIs": [],     "charts": [       {         "visualization_title": "Trend Invoice by Customer Class",         "visualization_type": "Line Chart",         "metrics_displayed": [           "Invoice values by Customer Class"         ],         "values": [           "Varied values from 0 to approximately 5 million across years 2015 to 2018"         ],         "insights": "The trend shows fluctuations in invoice values over the years, with noticeable peaks and troughs across different customer classes."       }     ],     "tables": [],     "final_conclusions": "The line chart visualizes invoice trends segmented by customer class. There seem to be significant fluctuations over the years, indicating varying demand or activity among the customer segments. No KPIs or tables were detected for further analysis."   } }