{
    "report_id": "Eagle_RRHH",
    "date": "2024-09-23",
    "page": 6,
    "detected_elements": {
        "KPIs": [
            {
                "kpi_title": "Total horas contratadas",
                "kpi_value": "21.586.524",
                "kpi_reference": null,
                "insights": "This indicates the total hours contracted, reflecting workforce engagement."
            },
            {
                "kpi_title": "Total horas contratadas (vacacional)",
                "kpi_value": "112.382",
                "kpi_reference": null,
                "insights": "The total hours of contracted vacation, important for resource planning."
            },
            {
                "kpi_title": "Total horas ausentes",
                "kpi_value": "135.332",
                "kpi_reference": null,
                "insights": "A significant amount of absenteeism which could impact productivity."
            },
            {
                "kpi_title": "Total horas otros ausentes",
                "kpi_value": "36.525",
                "kpi_reference": null,
                "insights": "Represents other types of absences not classified under vacation."
            },
            {
                "kpi_title": "Total horas producidas",
                "kpi_value": "21.302.284",
                "kpi_reference": null,
                "insights": "Reflects the total productive hours, showing overall efficiency."
            },
            {
                "kpi_title": "# Empleados",
                "kpi_value": "666",
                "kpi_reference": null,
                "insights": "Indicates the current number of employees, necessary for HR assessments."
            },
            {
                "kpi_title": "Absenteu00edsmo",
                "kpi_value": "2,30%",
                "kpi_reference": null,
                "insights": "Absenteeism percentage poses a concern for maintaining operational capacity."
            },
            {
                "kpi_title": "Discapacidad",
                "kpi_value": "0,04%",
                "kpi_reference": null,
                "insights": "Very low percentage indicating minimal disability cases reported."
            },
            {
                "kpi_title": "Importe bonificaciones",
                "kpi_value": "139.273 u20ac",
                "kpi_reference": null,
                "insights": "Significant financial support recorded, possibly enhancing employee retention."
            }
        ],
        "charts": [
            {
                "visualization_title": "Total horas contratadas por au00f1o y mes",
                "visualization_type": "Line Chart",
                "metrics_displayed": [
                    "Total horas contratadas"
                ],
                "values": [
                    "Increasing trend over the observed periods"
                ],
                "insights": "The visualization indicates a steady increase in contracted hours over the years, suggesting growth in workforce engagement."
            }
        ],
        "tables": [
            {
                "table_title": "Centro de trabajo",
                "columns": [
                    "Centro de trabajo",
                    "Total horas contratadas",
                    "Mes anterior Dif %",
                    "Mes au00f1o anterior Dif %"
                ],
                "rows": [
                    [
                        "Centro de trabajo 73",
                        "3.912.814",
                        "0,00 %",
                        "0,00 %"
                    ],
                    [
                        "Centro de trabajo 6",
                        "3.292.058",
                        "0,00 %",
                        "0,00 %"
                    ],
                    [
                        "Puesto de trabajo 2",
                        "1.530.779",
                        "0,00 %",
                        "0,00 %"
                    ],
                    [
                        "Puesto de trabajo 68",
                        "361.549",
                        "0,00 %",
                        "0,00 %"
                    ],
                    [
                        "Puesto de trabajo 61",
                        "164.500",
                        "0,00 %",
                        "0,00 %"
                    ],
                    [
                        "Puesto de trabajo 69",
                        "137.250",
                        "0,00 %",
                        "0,00 %"
                    ],
                    [
                        "Puesto de trabajo 5",
                        "120.665",
                        "0,00 %",
                        "0,00 %"
                    ],
                    [
                        "Puesto de trabajo 70",
                        "88.375",
                        "0,00 %",
                        "0,00 %"
                    ],
                    [
                        "Puesto de trabajo 6",
                        "73.195",
                        "0,00 %",
                        "0,00 %"
                    ],
                    [
                        "Puesto de trabajo 115",
                        "48.097",
                        "0,00 %",
                        "0,00 %"
                    ],
                    [
                        "Puesto de trabajo 42",
                        "44.559",
                        "0,00 %",
                        "0,00 %"
                    ],
                    [
                        "Puesto de trabajo 49",
                        "36.750",
                        "0,00 %",
                        "0,00 %"
                    ],
                    [
                        "Puesto de trabajo 7",
                        "36.750",
                        "0,00 %",
                        "0,00 %"
                    ],
                    [
                        "Puesto de trabajo 114",
                        "31.500",
                        "0,00 %",
                        "0,00 %"
                    ],
                    [
                        "Total",
                        "21.586.524",
                        "0,00 %",
                        "0,00 %"
                    ]
                ],
                "insight": "The table summarizes contracted hours across various centers of work, showing both the hours and percent differences from previous periods."
            }
        ]
    },
    "final_conclusions": "The dashboard provides a comprehensive overview of workforce productivity and engagement metrics, highlighting areas needing attention such as absenteeism while indicating a stable growth trend in contracted hours."
}