{   "report_id": "Eagle_Ventas",   "date": "2024-09-23",   "page": 4,   "detected_elements": {     "KPIs": [       {         "kpi_title": "Total Invoices",         "kpi_value": "109.054.020",         "kpi_reference": null,         "insights": "This figure indicates the total revenue generated from all invoices."       },       {         "kpi_title": "Total Cost",         "kpi_value": "41.513.317",         "kpi_reference": null,         "insights": "The total expenses for products sold, which helps assess profitability."       },       {         "kpi_title": "Total Margin",         "kpi_value": "67.540.703",         "kpi_reference": null,         "insights": "Shows the total profit made after deducting costs from total revenues."       },       {         "kpi_title": "Average Margin %",         "kpi_value": "61,93 %",         "kpi_reference": null,         "insights": "This reflects the average profit margin across all transactions, indicating overall profitability."       }     ],     "charts": [       {         "visualization_title": "Margin % by Product Family",         "visualization_type": "Bar Chart",         "metrics_displayed": ["Breakaway Mobile", "Medical Ozone", "Repuestos CM", "Contract manufacturing", "Repuestos OEM", "Human Generators", "Miscellaneous", "Capacitor Mobile", "Other Components", "Universal systems", "Remote controlled system", "Battery mobile"],         "values": ["89.26 %", "83.59 %", "82.19 %", "79.44 %", "79.22 %", "72.18 %", "63.00 %", "60.16 %", "56.63 %", "55.82 %", "47.67 %", "43.03 %"],         "insights": "The bar chart indicates that 'Breakaway Mobile' has the highest margin percentage, signifying it as the most profitable product family."       }     ],     "tables": [       {         "table_title": "Cost & Margin by Customer and Product Family",         "columns": ["Customer Name", "Invoice", "Cost", "Margin", "Margin %"],         "rows": [           ["Customer 558", "12.774.522", "6.058.121", "6.716.401", "52,58 %"],           ["Customer 2392", "5.949.960", "796.512", "5.153.448", "86,61 %"],           ["Customer 774", "4.929.672", "703.177", "4.226.495", "85,74 %"],           ["Customer 1676", "14.059.968", "9.885.231", "4.174.737", "29,69 %"],           ["Customer 2211", "4.691.000", "800.056", "3.890.944", "82,94 %"],           ["Customer 2268", "5.655.838", "1.785.374", "3.870.464", "68,43 %"],           ["Customer 788", "4.357.741", "714.407", "3.643.334", "83,61 %"],           ["Customer 3221", "9.021.434", "5.703.371", "3.318.063", "36,78 %"],           ["Customer 2292", "5.289.894", "2.084.857", "3.205.037", "60,59 %"],           ["Customer 782", "4.456.206", "1.454.466", "3.001.740", "67,36 %"],           ["Customer 2524", "3.442.492", "847.750", "2.594.742", "75,37 %"],           ["Customer 2280", "2.594.288", "436.290", "2.157.998", "83,18 %"],           ["Customer 775", "2.123.778", "370.479", "1.753.299", "82,56 %"],           ["Customer 1672", "3.510.000", "1.955.639", "1.554.367", "44,28 %"],           ["Customer 584", "2.005.094", "709.097", "1.295.997", "76,07 %"],           ["Customer 2229", "1.807.779", "374.539", "1.496.240", "79,98 %"],           ["Customer 721", "1.557.807", "248.474", "1.309.333", "84,05 %"],           ["Customer 2367", "1.201.392", "701.105", "797.287", "77,47 %"],           ["Customer 2559", "865.376", "87.061", "778.315", "89,94 %"],           ["Customer 605", "1.428.375", "694.741", "733.634", "51,36 %"],           ["Customer 2371", "773.206", "36.430", "644.798", "65,73 %"],           ["Customer 605", "661.238", "47.825", "613.413", "92,77 %"]         ],         "insight": "The table shows various customers along with their invoices, costs, margins, and margin percentages, indicating diverse profitability levels. Some customers, like Customer 2392 and Customer 2559, exhibit significantly high margins."       }     ]   },   "final_conclusions": "The analysis presents a comprehensive overview of product profitability and customer performance. High-margin products and customers should be focused on for future sales strategies to maximize revenue." }