{
    "report_id": "Eagle_Ventas",
    "date": "2024-09-23",
    "page": 5,
    "detected_elements": {
        "KPIs": [
            {
                "kpi_title": "Average Exchange USD/EUR",
                "kpi_value": "1.137654",
                "kpi_reference": "N/A",
                "insights": "The average exchange rate indicates a stable conversion rate between USD and EUR."
            }
        ],
        "charts": [
            {
                "visualization_title": "Invoice by Currency",
                "visualization_type": "Bar Chart",
                "metrics_displayed": [
                    "EUR",
                    "TRL",
                    "USD"
                ],
                "values": [
                    "77.558 mil",
                    "1.428 mil",
                    "5.613 mil",
                    "30.067 mil",
                    "34.206 mil"
                ],
                "insights": "The majority of invoices are in EUR, with significantly lower amounts in TRL and USD, indicating a potential focus on European markets."
            },
            {
                "visualization_title": "Rated used in Invoice by Week",
                "visualization_type": "Line Chart",
                "metrics_displayed": [
                    "Conversion Rate"
                ],
                "values": [
                    "1.05 - 1.10"
                ],
                "insights": "The conversion rate has a slight upward trend over the weeks, suggesting gradual improvement in currency conversion."
            }
        ],
        "tables": [],
        "final_conclusions": "The dashboard presents crucial insights on currency usage in invoices, with EUR being the dominant currency. The exchange rate stability and upward trend in conversion rates indicate a positive outlook for currency management."
    }
}