{
    "contenido": "El reporte 'Eagle_RRHH' del 23 de septiembre de 2024, compuesto por 9 páginas, ofrece un análisis exhaustivo de los indicadores clave de recursos humanos y su impacto financiero en la organización. A lo largo del informe se presentan KPIs que reflejan la situación actual de la plantilla, incluyendo la masa salarial, el absentismo, y el número de empleados, así como un análisis de las horas contratadas y los costos asociados a la ausentismo. Se observa que el absentismo se mantiene en un 2.30%, lo que sugiere una buena asistencia general, aunque se identifican áreas de mejora en ciertos puestos con un alto número de días de baja. La masa salarial total asciende a 12.398.128 €, lo que indica un compromiso significativo con la compensación de los empleados. Además, se destacan las bonificaciones totales de 139.273 €, que reflejan el esfuerzo de la organización en incentivar a su personal. El análisis de los gráficos muestra una tendencia creciente en las horas contratadas y en los días devengados de vacaciones, lo que podría indicar un aumento en la carga de trabajo y en la utilización de beneficios laborales. También se reporta un índice de rotación del 20%, lo que podría ser un área de preocupación que requiere atención para mejorar la retención de empleados. Las tablas complementan la información presentada, proporcionando un desglose detallado de los costos por centro de trabajo y el impacto financiero del absentismo. En general, el informe sugiere que, aunque la organización mantiene un control adecuado sobre el absentismo y los costos laborales, hay oportunidades para mejorar la estabilidad del empleo y la satisfacción del personal.",
    "metadata": {
        "Title": "Resumen general 'Eagle_RRHH'",
        "Report_Id": "Eagle_RRHH",
        "insertion_year": "2024",
        "insertion_month": "09",
        "insertion_day": "23"
    }
}