{
    "contenido": "El reporte 'Eagle_Ventas', fechado el 23 de septiembre de 2024, presenta un análisis exhaustivo de las ventas y el desempeño financiero de la empresa a lo largo de cinco páginas. En general, el informe destaca un notable descenso en el total de facturas del año actual, con un KPI que indica una caída del 98.48% en comparación con períodos anteriores, alcanzando un total de 1.658.553. Sin embargo, el backlog actual se mantiene alto, con 22.419.351 unidades pendientes, lo que sugiere que aún hay una cantidad significativa de trabajo por procesar. En la segunda página, se observa un incremento total de ventas de 200.69 millones para los 30 principales clientes, aunque también se reporta una disminución de 107.60 millones, lo que indica áreas de preocupación que deben ser atendidas. Los gráficos de barras y tablas proporcionan una visión clara de la variación en las ventas año con año, mostrando que algunos clientes han disminuido considerablemente sus compras. En la tercera página, se presenta un desglose del backlog por país y continente, revelando que Europa tiene la mayor acumulación de pedidos no cumplidos. En la cuarta página, se detallan los ingresos totales, costos y márgenes, destacando un margen total del 61.93%, lo que sugiere una rentabilidad saludable. Finalmente, la quinta página incluye información sobre el tipo de cambio promedio USD/EUR y un análisis de las facturas emitidas en diferentes monedas, donde el euro predomina significativamente. En resumen, el informe proporciona una visión integral del rendimiento de ventas, identificando tanto oportunidades de crecimiento como áreas críticas que requieren atención inmediata.",
    "metadata": {
        "Title": "Resumen general 'Eagle_Ventas'",
        "Report_Id": "Eagle_Ventas",
        "insertion_year": "2024",
        "insertion_month": "09",
        "insertion_day": "23"
    }
}