{
    "contenido": "En esta página del informe se presentan indicadores clave de rendimiento (KPIs) que reflejan el desempeño en sostenibilidad y emisiones, así como gráficos que ilustran la contribución de diferentes ingredientes a las emisiones de CO2. Los KPIs incluyen métricas sobre el volumen de compras y las emisiones, proporcionando un panorama claro sobre el estado actual y las metas de reducción. En particular, el KPI de 'Purchase Volume' muestra un volumen de compras de 2.69 millones, estable en comparación con el año anterior, mientras que las 'Emissions (MT CO2e)' también se mantienen en 2.62 millones, sin variación respecto al año previo. Por otro lado, el KPI de 'Direct Emissions' se sitúa en un 5% en relación al benchmark actual, lo que indica un enfoque en la minimización de impactos directos. Se destaca un 98% de 'Managed' emissions, lo que resalta un alto nivel de control sobre las emisiones. El KPI de 'Avg EF Factor' se establece en 1.0, sirviendo como un punto de referencia para futuras reducciones. Finalmente, el KPI de 'Growth' apunta a un objetivo de reducción del 40%, con un crecimiento proyectado del 10%. En cuanto a los gráficos, el 'Detailed Emissions by Ingredient Hierarchy' es un gráfico de burbujas que muestra la contribución de las emisiones por grupos de ingredientes, donde 'Milk' se destaca con la burbuja más grande, indicando su significativa contribución a las emisiones de CO2. 'Sweeteners' y 'Grains' presentan valores menores, lo que refleja su impacto relativo. Por otro lado, el gráfico de barras titulado 'Emissions vs Baseline' compara las emisiones del año actual (2.62) con un año base (2.00), mostrando que las emisiones actuales superan ligeramente la línea base, lo que sugiere la necesidad de implementar estrategias adicionales de reducción. La tabla 'Ingredient Group Emissions' proporciona un desglose de las emisiones atribuibles a grupos de ingredientes específicos, destacando que 'Milk' tiene el mayor volumen de compras y un esfuerzo de reducción del 15%, aunque con un resultado de reducción del -2.5%. 'Sweeteners' y 'Grains' también muestran sus esfuerzos y resultados de reducción, lo que permite evaluar el desempeño de cada grupo en relación con los objetivos de sostenibilidad.",
    "metadata": {
        "Title": "Resumen Cuadro de Mando Página 3 del Europe_Sustainability",
        "Report_Id": "Europe_Sustainability",
        "insertion_year": "2024",
        "insertion_month": "09",
        "insertion_day": "23",
        "page": 3,
        "elements": {
            "KPI": "Purchase Volume",
            "Table": "Ingredient Group Emissions",
            "Chart": "Detailed Emissions by Ingredient Hierarchy",
            "Other": "Emissions vs Baseline"
        }
    }
}