{
    "contenido": "En la cuarta página del informe de sostenibilidad de Europa, se presentan indicadores clave de rendimiento (KPIs) que reflejan el volumen de compras y las emisiones de CO2, así como un gráfico que ilustra la tendencia de las emisiones de empaques a lo largo de los años. Los KPIs incluyen el volumen de compras, las emisiones totales, el factor de emisiones promedio, la reducción de emisiones en comparación con un nivel base y la proporción de emisiones totales de Europa. En cuanto a los gráficos, se destaca un gráfico de líneas que muestra la tendencia de las emisiones y el volumen de compras, evidenciando fluctuaciones en las emisiones a lo largo del tiempo. Además, se incluye una tabla detallada que desglosa las emisiones por región, mostrando reducciones significativas en varias áreas. \n\nLos KPIs detectados incluyen: 'Purchase Volume (MT)' con un valor de '3633.34 mil' y una referencia de '0.0 % PY', indicando que no ha habido cambios en el volumen de compras en comparación con el año anterior. 'Emissions (MT CO2)' muestra un valor de '893.19 mil' también sin cambios respecto al año previo. El 'Average EF Factor' tiene un valor de '2.5', lo que sugiere que el factor de emisiones promedio se mantiene consistente con el nivel base esperado. En cuanto a 'Emissions vs Baseline', se reporta una reducción del '23 %', superando el objetivo de menos del 40 %. Finalmente, el KPI '% Total Europe Emissions' indica que Europa representa el '8 %' de las emisiones totales, aunque no se especifica más al respecto. \n\nEl gráfico titulado 'Packaging Emissions Trend' es un gráfico de líneas que muestra las métricas de 'Emissions (MT CO2)' y 'Purchase Volume (MT)'. Los valores presentados son: '0.4 mil', '0.3 mil', '0.4 mil', '0.7 mil', '0.9 mil', '0.9 mil' y '0.3 mil'. Este gráfico ilustra cómo las emisiones de empaques han fluctuado ligeramente a lo largo de los años, alcanzando un pico de '0.9 millones de MT CO2' en 2021. Esta tendencia de emisiones se correlaciona con los datos de la tabla que detalla las emisiones por región, donde se observa que las reducciones en varias regiones contribuyen a la estabilidad general de las emisiones en el contexto del volumen de compras. La tabla titulada 'Detailed Emissions' proporciona un desglose de las emisiones por región, mostrando que la región de Europa del Este tiene las emisiones más altas, mientras que el total de emisiones asciende a '893 MT CO2'. Las reducciones porcentuales varían entre las diferentes regiones, con algunas como Europa del Este y Ucrania mostrando reducciones significativas.",
    "metadata": {
        "Title": "Resumen Cuadro de Mando Página 4 del Europe_Sustainability",
        "Report_Id": "Europe_Sustainability",
        "insertion_year": "2024",
        "insertion_month": "09",
        "insertion_day": "23",
        "page": 4,
        "elements": {
            "KPI": "Purchase Volume (MT)",
            "Table": "Detailed Emissions",
            "Chart": "Packaging Emissions Trend",
            "Other": ""
        }
    }
}