{
    "contenido": "En esta página del informe de Power BI, se presentan indicadores clave de rendimiento (KPIs), gráficos y una tabla que detallan las emisiones totales y su evolución a lo largo del tiempo. Los KPIs proporcionan una visión clara del estado actual de las emisiones en comparación con los objetivos establecidos, mientras que los gráficos y la tabla ofrecen un análisis visual y detallado de los datos por región y tipo de emisión. En primer lugar, se destacan tres KPIs relevantes. El primero es 'Total Emissions', con un valor de '185.59 mil MT CO2e', que indica un aumento del 3% en comparación con el año anterior. Esto sugiere que las emisiones han crecido, lo cual es un punto de preocupación en el contexto de sostenibilidad. El segundo KPI, 'Emissions vs Baseline', muestra que las emisiones actuales representan el 2% de las emisiones totales de la UE, con un objetivo de reducción del 40%. Este KPI resalta la necesidad de un esfuerzo significativo para alcanzar las metas de sostenibilidad. Por último, 'Growth by BU Hierarchy' indica un crecimiento del 44% en las emisiones en comparación con la línea base, lo que sugiere áreas que requieren atención urgente para mejorar. En cuanto a los gráficos, el primero es un gráfico de pastel titulado 'Total Emissions by Subtype', que muestra la distribución de las emisiones totales por subtipos. Las métricas mostradas incluyen 'Capital Goods', 'Employee Commuting', 'Air Travel' e 'Investments', con valores de '38%', '5%', '55%' y '0%' respectivamente. Este gráfico revela que el aire y los bienes de capital son los principales contribuyentes a las emisiones, mientras que el transporte de empleados representa una porción menor. El segundo gráfico es un gráfico de barras titulado 'Other Emissions Trend', que ilustra la tendencia de otras emisiones a lo largo de los años. Las métricas incluyen 'Year' y 'Emissions (MT CO2e)', con valores que van desde '2015: 0 mil' hasta '2022: 50 mil'. Este gráfico muestra un pico en 2020 con 150 millones de MT CO2e, seguido de una disminución en los años siguientes, lo que sugiere un cambio positivo en la tendencia de emisiones. Finalmente, la tabla titulada 'Detailed Emissions' presenta datos desglosados por región, mostrando las emisiones en MT CO2e y su porcentaje en comparación con la línea base. Los datos indican que 'Western Europe' y 'France' son los mayores emisores, con 449 y 777 MT CO2e, respectivamente, lo que pone de manifiesto la necesidad de estrategias específicas para abordar las emisiones en estas áreas.",
    "metadata": {
        "Title": "Resumen Cuadro de Mando Página 10 del Europe_Sustainability",
        "Report_Id": "Europe_Sustainability",
        "insertion_year": "2024",
        "insertion_month": "09",
        "insertion_day": "23",
        "page": 10,
        "elements": {
            "KPI": "Total Emissions",
            "Table": "Detailed Emissions",
            "Chart": "Total Emissions by Subtype",
            "Other": "Other Emissions Trend"
        }
    }
}