{
    "contenido": "En esta página del informe de sostenibilidad de Europa, se presentan diversos indicadores clave de rendimiento (KPIs) relacionados con las emisiones de carbono, así como gráficos que ilustran la distribución y tendencias de estas emisiones a lo largo del tiempo. Los KPIs reflejan el estado actual de las emisiones en diferentes categorías, mientras que los gráficos proporcionan una visualización clara de cómo estas emisiones se distribuyen y evolucionan. \n\nLos KPIs detectados incluyen: 'Scope 3 Emissions', que actualmente se sitúan en 881 millones, mostrando un incremento del 11% en comparación con el año base. Por otro lado, 'Scope 2 Emissions' han disminuido a 568.57 millones, representando una reducción del 40% respecto al año base. En cuanto a 'Scope 1 Emissions', estas se encuentran en 1.55 millones, lo que significa una disminución del 8% en comparación con el año base. El total de emisiones se registra en 10.94 millones, con un aumento del 3% en relación al año base. Las emisiones de agricultura han caído a 2.59 millones, reflejando una disminución del 10% en comparación con el año base, mientras que las emisiones del transporte han aumentado a 3 millones, lo que indica un incremento del 24% respecto al año base. Las emisiones provenientes del empaquetado han aumentado a 833.19 millones, mostrando un incremento del 23% en comparación con el año base. Finalmente, las emisiones totales de áreas de enfoque se sitúan en 602.34 millones, lo que representa un aumento del 5% en comparación con el año base. \n\nEn cuanto a los gráficos, se presenta un gráfico de barras titulado 'Emissions by Category', que muestra las emisiones categorizadas por diversas fuentes. Este gráfico revela que las fuentes clasificadas como 'Other' contribuyen significativamente con 3.6 millones, mientras que otras categorías varían entre 0.1 y 2.2 millones. Además, se incluye un gráfico de líneas titulado 'Total Emissions Trend', que ilustra la tendencia de las emisiones totales desde 2015 hasta 2022, mostrando un aumento gradual de 10 millones en 2015 a 11 millones en 2022. Por último, se presenta un gráfico circular titulado 'Emissions by Focus Area', que representa la distribución de las emisiones en diferentes áreas de enfoque, destacando que la mayor parte corresponde a 4.2 millones, lo que representa el 26.4% de las emisiones totales.",
    "metadata": {
        "Title": "Resumen Cuadro de Mando Página 1 del Europe_Sustainability",
        "Report_Id": "Europe_Sustainability",
        "insertion_year": "2024",
        "insertion_month": "09",
        "insertion_day": "23",
        "page": 1,
        "elements": {
            "KPI": "Scope 3 Emissions",
            "Table": "Emissions by Business Unit",
            "Chart": "Emissions by Category",
            "Other": "Total Emissions Trend, Emissions by Focus Area"
        }
    }
}