{
    "contenido": "En esta página del informe sobre sostenibilidad en Europa, se presentan indicadores clave de rendimiento (KPIs) que reflejan el progreso en la reducción de emisiones, así como gráficos que ilustran tendencias y distribuciones de emisiones por región y tipo de propiedad. Los KPIs destacados incluyen el 'Total Europe Emissions Reduction vs PY', que muestra una reducción del 6% en las emisiones totales en comparación con el año anterior, lo que indica la efectividad de las medidas de sostenibilidad implementadas. Otro KPI, 'Growth by BU Hierarchy', revela un crecimiento del 17% frente a un objetivo del 40%, sugiriendo áreas que necesitan mejoras para alcanzar las metas de sostenibilidad. Además, el KPI 'Emissions Split by Device' indica que las emisiones están distribuidas equitativamente entre diferentes propietarios, con un 50% cada uno, lo que refleja una contribución balanceada de los diferentes proveedores. En cuanto a los gráficos, se presenta un 'Coolers & Vendors Emissions Trend' en forma de gráfico de barras, que muestra la tendencia de las emisiones en toneladas métricas de CO2 junto con las ventas en Europa durante los años 2021 y 2022. Este gráfico destaca los esfuerzos de reducción de emisiones en relación con los volúmenes de ventas, donde las emisiones han disminuido mientras que las ventas han permanecido significativas. Otro gráfico, titulado 'Emissions Split by Ownership', también en formato de gráfico de barras, ilustra la distribución de las emisiones por diferentes categorías de propiedad, mostrando una igualdad en la propiedad entre los proveedores Coco Rogo y Cooler, con un 50% cada uno, y un 39% para el proveedor V&C. Finalmente, la tabla titulada 'Detailed Emissions' proporciona un desglose detallado de las emisiones por región, revelando que Europa del Este contribuye con un 72% de las emisiones totales, mientras que Europa del Oeste representa solo un 27%. Esta información es crucial para entender las dinámicas regionales en la sostenibilidad y las emisiones en Europa.",
    "metadata": {
        "Title": "Resumen Cuadro de Mando Página 9 del Europe_Sustainability",
        "Report_Id": "Europe_Sustainability",
        "insertion_year": "2024",
        "insertion_month": "09",
        "insertion_day": "23",
        "page": 9,
        "elements": {
            "KPI": "Total Europe Emissions Reduction vs PY",
            "Table": "Detailed Emissions",
            "Chart": "Coolers & Vendors Emissions Trend",
            "Other": "Emissions Split by Ownership"
        }
    }
}