{
    "contenido": "En esta página del informe se presentan indicadores clave de desempeño (KPIs) relacionados con la sostenibilidad y las emisiones, así como gráficos y tablas que ilustran los datos de emisiones y volúmenes de compra por región. Los KPIs reflejan el rendimiento actual en comparación con el año anterior y destacan áreas de mejora en la gestión de emisiones. \n\nLos KPIs detectados incluyen el 'Purchase Volume (MT)', que muestra un volumen de compra total de 2.69 millones de toneladas métricas, sin cambios en comparación con el año anterior. El KPI de 'Emissions (MT CO2e)' indica que las emisiones totales se mantienen en 2.59 millones de toneladas métricas de CO2 equivalente, también sin variación respecto al año anterior. Otro KPI, 'Direct Emissions', muestra un bajo impacto de emisiones directas del 5%, mientras que el KPI 'Managed' refleja un alto nivel de control en la gestión de emisiones, alcanzando un 98%. El 'Avg EF Factor' indica que no se atribuyen emisiones a las actividades medidas, con un 0.0 %. Finalmente, el KPI 'Growth' muestra un crecimiento del 10 % en comparación con el objetivo del 40 %, sugiriendo que se está avanzando hacia la reducción de emisiones. \n\nEn cuanto a los gráficos, el 'Detailed Emissions by BU Hierarchy' es un gráfico de barras que muestra las emisiones y volúmenes de compra por región. Las métricas presentadas incluyen 'Region', 'Emissions (MT CO2)', 'Purchase Volume (MT)' y 'Emissions (% reduction)'. Los valores indican que Ucrania es la región con las mayores emisiones, alcanzando 1.25 millones de toneladas métricas de CO2, mientras que Turquía no muestra un aumento en las emisiones en comparación con el año anterior, con 0.26 millones de toneladas métricas de CO2. Francia presenta una reducción del 10 % en sus emisiones, con 0.39 millones de toneladas métricas de CO2. El gráfico 'Agro Emissions Trend', un gráfico de líneas, ilustra la tendencia de las emisiones agro a lo largo de los años, mostrando fluctuaciones desde 2015 hasta 2021. Los datos indican un aumento ligero en 2021, con 2.6 millones de toneladas métricas de CO2, en comparación con 2.5 millones en 2020. \n\nLa tabla titulada 'Emissions Breakdown by Region' proporciona un desglose detallado de las emisiones por región, mostrando que Ucrania es el mayor emisor, seguida de Francia, que ha logrado una reducción en sus emisiones. Esta tabla complementa la información presentada en los gráficos, proporcionando un contexto adicional sobre cómo cada región contribuye a las emisiones totales.",
    "metadata": {
        "Title": "Resumen Cuadro de Mando Página 2 del Europe_Sustainability",
        "Report_Id": "Europe_Sustainability",
        "insertion_year": "2024",
        "insertion_month": "09",
        "insertion_day": "23",
        "page": 2,
        "elements": {
            "KPI": "Purchase Volume (MT)",
            "Table": "Emissions Breakdown by Region",
            "Chart": "Detailed Emissions by BU Hierarchy",
            "Other": "Agro Emissions Trend"
        }
    }
}