{
    "contenido": "En esta página del informe, se presentan indicadores clave de rendimiento (KPIs) relacionados con las emisiones de CO2, así como gráficos que ilustran la distribución y tendencias de estas emisiones. Los KPIs reflejan una disminución general en las emisiones en comparación con el año anterior, destacando un enfoque hacia la sostenibilidad y la reducción del impacto ambiental. En total, las emisiones alcanzan 56.85 millones de toneladas de CO2, lo que representa una reducción del 5% respecto al año anterior. En particular, las emisiones de Scope 1 y Scope 2 también muestran reducciones del 2% y 1%, respectivamente. Además, las emisiones de las operaciones propias han disminuido en un 3%. El factor de emisión promedio se sitúa en 0.29, lo que indica un enfoque en la eficiencia operativa. Los gráficos complementan esta información, comenzando con un gráfico circular que desglosa las emisiones por categoría, donde se observa que las bebidas representan el 52% de las emisiones totales. Otro gráfico circular muestra las emisiones de las operaciones propias por tipo, revelando que MFG1 es responsable del 90% de estas emisiones. Finalmente, un gráfico de barras presenta una tendencia decreciente en las emisiones de las operaciones propias desde 2015 hasta 2022, evidenciando un compromiso continuo con la reducción del impacto ambiental. La tabla detallada de emisiones proporciona un desglose por región, mostrando que Europa del Este y Francia son responsables de 6.00 y 7.00 millones de toneladas de CO2, respectivamente, con reducciones significativas en comparación con las mediciones de referencia.",
    "metadata": {
        "Title": "Resumen Cuadro de Mando Página 7 del Europe_Sustainability",
        "Report_Id": "Europe_Sustainability",
        "insertion_year": "2024",
        "insertion_month": "09",
        "insertion_day": "23",
        "page": 7,
        "elements": {
            "KPI": "Total Emissions (MT CO2)",
            "Table": "Detailed Emissions",
            "Chart": "Split by Category",
            "Other": ""
        }
    }
}