{
    "contenido": "En esta página del informe se presentan indicadores clave de rendimiento (KPIs) relacionados con las emisiones de CO2 en Europa, así como gráficos que ilustran tendencias y distribuciones de estas emisiones. Los KPIs ofrecen una visión clara de la situación actual en términos de emisiones, mientras que los gráficos brindan un contexto visual sobre las tendencias a lo largo de los años y la composición de las emisiones por tipo de gestión. \n\nLos KPIs detectados incluyen el KPI titulado 'Emissions Total', que muestra un valor de '3 million MT CO2', con una referencia de '0% PY', indicando que las emisiones totales registradas para el año actual son de 3 millones de toneladas métricas de CO2, sin cambios en comparación con el año anterior. Otro KPI, 'Average Emissions Factor', tiene un valor de '0.6 %', con una referencia de '29.9 % Avg. E Factor', lo que sugiere una reducción significativa respecto al promedio de la línea base. El KPI 'Emissions vs Baseline' presenta un valor de '24.6 %', con un objetivo de reducción del 40%, lo que indica que las emisiones actuales están por debajo del objetivo establecido. Por último, el KPI '% Total Europe Emissions' muestra que las emisiones representan el 26.9 % del total de emisiones en Europa durante el período de informe. \n\nEn cuanto a los gráficos, el primero es un gráfico de barras titulado 'Transportation Emissions Trend', que muestra las emisiones de transporte en toneladas métricas de CO2 desde 2015 hasta 2022. Las métricas mostradas incluyen 'Emissions (MT CO2)' y 'European Sales (MT CO2)', con valores que indican una tendencia a la baja en las emisiones, pasando de 10 millones en 2020 a solo 1 millón en 2015. El gráfico también incluye una línea amarilla que representa las ventas europeas, sugiriendo una comparación entre las cifras de ventas y los niveles de emisiones. El segundo gráfico es un gráfico de barras apiladas titulado 'Emissions Split by Emissions Type', que ilustra la división de las emisiones según el tipo de gestión, mostrando que el 47% de las emisiones son gestionadas y el 53% no gestionadas. Esto resalta la necesidad de enfocarse en las emisiones no gestionadas para lograr un mejor control de las emisiones totales. \n\nFinalmente, se presenta una tabla titulada 'Detailed Emissions', que proporciona datos detallados sobre las emisiones en varias regiones, junto con el porcentaje de reducción en comparación con las emisiones de referencia. La tabla revela que Europa Occidental tiene las emisiones totales más altas, con algunos países mostrando reducciones alrededor del 25%, mientras que otros no presentan reducción alguna.",
    "metadata": {
        "Title": "Resumen Cuadro de Mando Página 6 del Europe_Sustainability",
        "Report_Id": "Europe_Sustainability",
        "insertion_year": "2024",
        "insertion_month": "09",
        "insertion_day": "23",
        "page": 6,
        "elements": {
            "KPI": "Emissions Total",
            "Table": "Detailed Emissions",
            "Chart": "Transportation Emissions Trend",
            "Other": "Emissions Split by Emissions Type"
        }
    }
}