{
    "contenido": "En esta página del informe de Power BI, se presenta un análisis detallado sobre las emisiones de carbono en Europa, con un enfoque en los KPIs, gráficos y una tabla que resumen el desempeño en sostenibilidad. Los KPIs reflejan mejoras significativas en las emisiones de CO2e, mientras que los gráficos ilustran la distribución y tendencias de estas emisiones a través de diferentes categorías y unidades de negocio. Además, la tabla ofrece una visión clara de las emisiones por región y sus respectivas reducciones porcentuales. En primer lugar, se destacan los KPIs detectados. El KPI titulado 'Franchises MT CO2e' muestra un valor de 329.81 mil, con una referencia que indica una mejora del 16% en comparación con el año anterior. Esto sugiere un progreso notable en la reducción de emisiones en el sector de franquicias. Otro KPI, 'Co-Man MT CO2e', reporta un valor de 127.21 mil, con una reducción del 23% respecto al año anterior, lo que indica un esfuerzo significativo en la co-manufactura. El KPI 'Total Europe Emissions' presenta un valor de 1.60 mil, con una disminución del 12% en comparación con el año anterior, lo que resalta las iniciativas de reducción de emisiones a nivel regional. Sin embargo, el KPI 'Emissions vs Baseline' indica que las emisiones actuales están un 42.6% por encima de la línea base establecida, lo que subraya la necesidad de intensificar los esfuerzos de reducción. A continuación, se describen los gráficos. El gráfico titulado 'Emissions Breakdown by Type' es un gráfico de pastel que muestra la distribución de las emisiones por categoría. En este gráfico, el 72% de las emisiones proviene de bienes comprados, seguido por las franquicias con un 14%. Esta distribución sugiere que las áreas de bienes comprados y franquicias son clave para enfocar los esfuerzos de reducción de emisiones. El gráfico '3PM Emissions Trend', un gráfico de barras, ilustra la tendencia de las emisiones en la categoría 3PM, mostrando una disminución constante de emisiones desde 2015 hasta 2022, en correlación con el aumento de las ventas en Europa durante el mismo período. Por último, el gráfico 'Growth by BU Hierarchy', también un gráfico de barras, presenta el crecimiento de las emisiones por unidad de negocio, destacando la relación entre las emisiones totales y el número de unidades vendidas, lo que indica la necesidad de equilibrar el crecimiento con la reducción de emisiones. Finalmente, se presenta la tabla titulada 'Detailed Emissions by Region', que detalla las emisiones por región. Esta tabla muestra que Eastern Europe tiene la mayor reducción porcentual de emisiones con un 37%, mientras que el total de emisiones en Europa es de 1.60 mil, con una reducción general del 15%. Estos datos subrayan las estrategias efectivas implementadas en diferentes regiones para lograr reducciones en las emisiones.",
    "metadata": {
        "Title": "Resumen Cuadro de Mando Página 8 del Europe_Sustainability",
        "Report_Id": "Europe_Sustainability",
        "insertion_year": "2024",
        "insertion_month": "09",
        "insertion_day": "23",
        "page": 8,
        "elements": {
            "KPI": "Franchises MT CO2e",
            "Table": "Detailed Emissions by Region",
            "Chart": "Emissions Breakdown by Type",
            "Other": ""
        }
    }
}