{
    "contenido": "En esta página del informe se presentan indicadores clave de rendimiento (KPIs) y visualizaciones que reflejan el estado de la sostenibilidad en Europa. Los KPIs proporcionan una visión clara del volumen de compras, las emisiones de CO2, el factor de emisión promedio y el crecimiento en comparación con los objetivos establecidos. Además, se incluyen gráficos que ilustran las emisiones por tipo de embalaje y el crecimiento en comparación con una línea base, así como una tabla detallada que desglosa las emisiones por grupo de embalaje. En cuanto a los KPIs, se destaca el volumen total de compras, que asciende a 3633.4 millones de toneladas métricas, sin variación respecto al año anterior. Las emisiones totales se sitúan en 893.19 millones de toneladas métricas de CO2, también sin cambios en comparación con el año previo. El factor de emisión promedio es de 2.5, manteniéndose estable respecto al año anterior. Un KPI relevante es el porcentaje de emisiones totales de Europa, que representa el 8% de las emisiones globales, mientras que el crecimiento registrado es del 23%, por debajo del objetivo establecido del 40%. En cuanto a los gráficos, el primero, titulado 'Emisiones Detalladas por Jerarquía de Embalaje', es un gráfico de barras que muestra el porcentaje de emisiones por tipo de embalaje, destacando que el 'PET/PET' es el mayor contribuyente a las emisiones. El segundo gráfico, 'Crecimiento por Jerarquía de Embalaje', también es un gráfico de barras que compara las emisiones con la línea base, revelando que los tipos de embalaje como el shrinkwrap y otros han mostrado un crecimiento mínimo en las emisiones. Finalmente, la tabla titulada 'Emisiones Detalladas - GRUPO DE EMBALAJE' presenta un desglose de las reducciones de emisiones por grupo de embalaje, mostrando porcentajes de reducción que oscilan entre el 22% y el 100%, lo que resalta áreas donde se pueden realizar mejoras significativas en la sostenibilidad.",
    "metadata": {
        "Title": "Resumen Cuadro de Mando Página 5 del Europe_Sustainability",
        "Report_Id": "Europe_Sustainability",
        "insertion_year": "2024",
        "insertion_month": "09",
        "insertion_day": "23",
        "page": 5,
        "elements": {
            "KPI": "Purchase Volume (MT)",
            "Table": "Detailed Emissions - PACKAGING GROUP",
            "Chart": "Detailed Emissions by Packaging Hierarchy",
            "Other": "Growth by Packaging Hierarchy"
        }
    }
}