{
    "contenido": "En esta página del informe se presentan indicadores clave de rendimiento (KPIs) y visualizaciones que reflejan la actividad de ventas y el desempeño del equipo. Los KPIs destacados incluyen 'Total Sales', que muestra un valor de 276,728, representando las cifras totales de ventas y su impacto en la salud financiera de la empresa. Otro KPI relevante es 'SDG Sales', con un valor de 49,161, que indica las ventas específicas de la categoría SDG en comparación con un objetivo de 1 Target, lo que resalta el rendimiento frente a metas establecidas. El KPI de 'Market Share' muestra que la compañía posee un 18% del mercado, lo que refleja su posicionamiento competitivo. Finalmente, 'Calls To Date' indica que se han realizado 184 llamadas, con un objetivo de 270, lo que sugiere un enfoque activo en la interacción con clientes potenciales. En cuanto a las visualizaciones, se presentan dos gráficos de líneas. El primer gráfico, titulado 'Activity', muestra la tendencia de las actividades de ventas a lo largo del año, con métricas de 'Employee Count' y 'Calls'. Los valores de este gráfico varían desde 0 hasta 30, indicando picos de actividad en ciertos meses, lo que sugiere periodos de mayor compromiso del equipo de ventas. El segundo gráfico, 'SDG Sales evolution', también es un gráfico de líneas que ilustra la evolución de las ventas de SDG a lo largo del tiempo, con valores que fluctúan entre 0 y 45. Esta variación sugiere tendencias estacionales o cambios en las condiciones del mercado que afectan el rendimiento de ventas. En conjunto, estos elementos proporcionan una visión clara del desempeño de ventas y la actividad del equipo, permitiendo una evaluación integral de la situación actual del negocio.",
    "metadata": {
        "Title": "Resumen Cuadro de Mando Página 7 del Pharma",
        "Report_Id": "Pharma",
        "insertion_year": "2024",
        "insertion_month": "09",
        "insertion_day": "23",
        "page": 7,
        "elements": {
            "KPI": "Total Sales",
            "Table": "Rep Activity",
            "Chart": "Activity",
            "Other": "SDG Sales evolution"
        }
    }
}