{
    "contenido": "El informe titulado 'Pharma' presenta un análisis exhaustivo de las métricas de rendimiento de la empresa a fecha del 23 de septiembre de 2024, abarcando un total de 8 páginas. En general, se observa una tendencia mixta en los KPIs analizados, con algunas métricas mostrando crecimiento y otras indicando ligeras caídas en comparación con períodos anteriores. El índice de evolución se sitúa en 99.3, lo que sugiere una estabilidad en el rendimiento frente a la referencia. Sin embargo, la productividad y las unidades de ventas han mostrado una ligera disminución, con un descenso del 0.6% y 0.7% respectivamente. A pesar de la caída en las unidades de ventas, el tamaño del mercado se mantiene en 396.6 millones, aunque también presenta una leve disminución del 0.2%. El análisis de la cuota de mercado revela una caída de 0.9%, situándose en un 46.0%, lo que podría indicar un desafío en la retención de clientes frente a la competencia. En términos de llamadas y contactos, los KPIs muestran un rendimiento positivo, con un aumento en la tasa de contacto y de llamadas en comparación con los valores base, lo que refleja una mejora en la efectividad de las actividades de ventas. Las gráficas proporcionan una representación visual clara de la evolución de las ventas por producto, así como comparaciones entre ventas proyectadas y reales, destacando períodos de subrendimiento. La tabla de análisis territorial ofrece una visión detallada de las ventas y el crecimiento por provincia, mostrando variaciones significativas en el rendimiento entre diferentes regiones. En la última sección del informe, se observa que las ventas en efectivo han disminuido en comparación con el año anterior, lo que podría requerir atención adicional para mejorar el rendimiento en este ámbito. En resumen, el informe proporciona una visión integral del estado actual de la empresa, identificando áreas de mejora y destacando las métricas clave que influyen en el rendimiento general.",
    "metadata": {
        "Title": "Resumen general 'Pharma'",
        "Report_Id": "Pharma",
        "insertion_year": "2024",
        "insertion_month": "09",
        "insertion_day": "23"
    }
}