{
    "contenido": "En esta página del informe, se presentan indicadores clave de rendimiento (KPIs) y un gráfico que ilustra el desempeño de las cuentas principales, además de una tabla que detalla el rendimiento de ventas por producto. Los KPIs ofrecen una visión general de las métricas más relevantes relacionadas con las ventas, mientras que el gráfico y la tabla proporcionan información más específica sobre el rendimiento de productos y cuentas. En cuanto a los KPIs, se detectaron tres métricas clave: 'Total Units Sold', que se refiere al número total de unidades vendidas durante el periodo especificado, aunque su valor no está disponible; 'Average Sales Price', que indica el precio promedio al que se vendieron los productos, también sin un valor específico; y 'Year-over-Year Growth', que representa el crecimiento porcentual en ventas en comparación con el año anterior, sin un valor asignado. Esta falta de datos específicos limita la capacidad de realizar comparaciones o análisis de tendencias en estos KPIs. En lo que respecta al gráfico titulado 'Top Accounts Map', se trata de un mapa que utiliza burbujas para representar las cuentas principales basadas en el rendimiento de ventas. Las métricas mostradas son 'Sales' y '% YoY'. El tamaño de las burbujas indica el monto de ventas, mientras que el color de las burbujas refleja el cambio porcentual año tras año en las ventas. Los cambios positivos se representan con burbujas verdes, y las burbujas más grandes indican mayores volúmenes de ventas. Este gráfico permite observar visualmente cómo se distribuyen las ventas entre las cuentas principales, destacando aquellas con un rendimiento excepcional. Además, se incluye una tabla titulada 'Sales Performance by Product', que presenta un desglose del rendimiento de ventas por producto, mostrando que 'Product A' lidera con 1000 unidades vendidas y un monto de ventas de $50,000, seguido por 'Product B' con 800 unidades y $40,000, y 'Product C' con 600 unidades y $30,000. La tabla también indica que 'Product A' y 'Product C' han experimentado un crecimiento año tras año del 10% y 15%, respectivamente, lo que sugiere un rendimiento positivo en comparación con el año anterior, mientras que 'Product B' ha tenido un crecimiento más modesto del 5%. Estas métricas resaltan la importancia de los productos A y C en la estrategia de ventas de la empresa.",
    "metadata": {
        "Title": "Resumen Cuadro de Mando Página 7 del Rx_Sales_Report",
        "Report_Id": "Rx_Sales_Report",
        "insertion_year": "2024",
        "insertion_month": "09",
        "insertion_day": "23",
        "page": 7,
        "elements": {
            "KPI": "Total Units Sold, Average Sales Price, Year-over-Year Growth",
            "Table": "Sales Performance by Product",
            "Chart": "Top Accounts Map",
            "Other": ""
        }
    }
}