{
    "contenido": "El reporte 'Rx_Sales_Report' del 23 de septiembre de 2024 abarca un análisis exhaustivo de las ventas de productos en diferentes distritos y su rendimiento en comparación con los objetivos establecidos. A lo largo de sus siete páginas, el informe presenta un conjunto de KPIs, gráficos y tablas que ilustran el desempeño de las ventas, la cobertura de objetivos y las tendencias del mercado. \n\nLos KPIs más destacados incluyen un total de ventas de 1.274.941, lo que representa un crecimiento significativo del 34,0% en comparación con el año anterior. Además, se observa que el total de ventas acumuladas hasta la fecha es de 21.287.717, lo que indica un aumento respecto al año anterior de 2.547.503. La cobertura de objetivos también ha sido notable, con un KPI que muestra un 113,32% de cobertura de metas, lo que sugiere que las ventas superaron las expectativas en varios distritos. \n\nEl análisis de gráficos revela tendencias importantes, como la comparación de ventas reales frente a las metas, donde se observa que varios productos, especialmente el Producto 2, han tenido un rendimiento sobresaliente. En particular, el Producto 2 ha alcanzado ventas totales de 21.319.160, superando su objetivo de 21.079.971. \n\nLas tablas proporcionan un desglose detallado de las ventas por producto y distrito, lo que permite identificar áreas de alto rendimiento y aquellas que requieren atención. Por ejemplo, el Distrito 1 muestra un 125,39% de cobertura de objetivos, mientras que el Distrito 7 tuvo un rendimiento más bajo con un 108,57%. \n\nEn resumen, el informe refleja un panorama positivo en términos de ventas y rendimiento, con un crecimiento robusto en comparación con el año anterior y una sólida cobertura de objetivos en la mayoría de los distritos. Las variaciones significativas en los KPIs y el análisis de gráficos sugieren que las estrategias de ventas están dando resultados favorables, aunque también se identifican áreas donde se puede mejorar el enfoque para maximizar el rendimiento.",
    "metadata": {
        "Title": "Resumen general 'Rx_Sales_Report'",
        "Report_Id": "Rx_Sales_Report",
        "insertion_year": "2024",
        "insertion_month": "09",
        "insertion_day": "23"
    }
}