{
    "contenido": "La página 5 del informe 'Rx_Sales_Report' presenta un análisis exhaustivo de los indicadores clave de rendimiento (KPIs) y un gráfico que ilustra la relación entre el mercado de ventas y la participación de mercado. En esta sección se destacan los KPIs que reflejan el rendimiento general de las ventas, así como un gráfico que permite visualizar la comparación entre diferentes territorios. En cuanto a los KPIs, se observa que el 'Total Sales' alcanza un valor de 1.274.941, que representa la cifra total de ventas en el periodo de reporte. Este KPI es fundamental para entender la performance general de las ventas. Por otro lado, el 'Year Over Year Growth' muestra un crecimiento del 34,0 %, lo que indica una mejora significativa en las ventas en comparación con el año anterior. Además, la 'Market Share' se sitúa en un impresionante 100,0 %, lo que significa que todos los productos en el informe han capturado completamente el mercado. El KPI 'Year Over Year Change in Sales' revela un aumento de 323.626 unidades, lo que refuerza la tendencia positiva en el rendimiento de ventas. En cuanto al gráfico titulado 'Sales Market vs. Market Share', que es un gráfico de dispersión, se presentan métricas como '% MS', '% YoY' y 'YoY vs Market'. Este gráfico muestra diversos puntos que representan diferentes territorios, permitiendo una rápida identificación de los territorios con mejor rendimiento y aquellos que requieren atención. La distribución de los puntos en el gráfico sugiere que ciertos territorios están alcanzando un crecimiento significativo en comparación con su participación en el mercado, lo que se alinea con los datos de la tabla que detalla el rendimiento de ventas por distrito. La tabla 'District Sales Overview' proporciona una visión detallada del rendimiento de ventas en cada distrito, incluyendo métricas como el mercado de ventas, el porcentaje de participación y las variaciones con respecto al año anterior, lo que complementa la información visualizada en el gráfico y permite un análisis más profundo de las tendencias de ventas a nivel distrital.",
    "metadata": {
        "Title": "Resumen Cuadro de Mando Página 5 del Rx_Sales_Report",
        "Report_Id": "Rx_Sales_Report",
        "insertion_year": "2024",
        "insertion_month": "09",
        "insertion_day": "23",
        "page": 5,
        "elements": {
            "KPI": "Total Sales",
            "Table": "District Sales Overview",
            "Chart": "Sales Market vs. Market Share",
            "Other": ""
        }
    }
}