{
    "contenido": "En esta página del informe se presentan indicadores clave de rendimiento (KPIs) que reflejan el desempeño de las ventas y la cobertura de objetivos, además de gráficos y una tabla que detallan estos aspectos. Los KPIs incluyen métricas sobre las ventas totales, los objetivos establecidos y la cobertura de estos objetivos. En primer lugar, el KPI titulado 'Sales' muestra un valor de 1.124.537, con una referencia que indica un aumento del 10.32% en comparación con el mes anterior, que fue de 1.02 millones. Esto sugiere un crecimiento significativo en las ventas. El segundo KPI, 'Targets', tiene un valor de 992.334, lo que representa una disminución del 6.78% respecto al objetivo del mes anterior, que era de 1.06 millones. Esto indica que el objetivo actual no se ha alcanzado en comparación con el mes anterior. Por último, el KPI 'Target Coverage' muestra un valor de 113.32%, con un incremento del 18.35% respecto al mes anterior, que fue de 95.75%. Esto sugiere que, a pesar de la disminución en los objetivos, la cobertura de estos ha mejorado notablemente. En cuanto a los gráficos, el primero es un 'Combination Chart' titulado 'Sales & Target Coverage', que muestra las métricas de ventas, objetivos y el porcentaje de cobertura de objetivos en diferentes períodos desde mayo de 2022 hasta abril de 2023. Este gráfico revela tendencias en las ventas y la cobertura de objetivos, destacando fluctuaciones a lo largo del tiempo. El segundo gráfico es un 'Bar Chart' titulado '% Target Coverage District', que presenta la cobertura de objetivos por distrito, permitiendo comparar el rendimiento de cada uno. Los valores oscilan entre 0.00% y 125.39%, lo que indica variaciones significativas en la cobertura de objetivos entre los distritos. Finalmente, la tabla titulada 'Sales by Product and District' resume el desempeño de ventas por producto y distrito, mostrando porcentajes para el mes anterior, el objetivo hasta la fecha y el año hasta la fecha. Esta tabla proporciona una visión clara de cómo cada producto y distrito se están desempeñando en relación con sus objetivos establecidos.",
    "metadata": {
        "Title": "Resumen Cuadro de Mando Página 1 del Rx_Sales_Report",
        "Report_Id": "Rx_Sales_Report",
        "insertion_year": "2024",
        "insertion_month": "09",
        "insertion_day": "23",
        "page": 1,
        "elements": {
            "KPI": "Sales",
            "Table": "Sales by Product and District",
            "Chart": "Sales & Target Coverage",
            "Other": "None"
        }
    }
}