{
    "contenido": "En esta página del informe de Power BI se presentan indicadores clave de rendimiento (KPIs) y un gráfico que ilustran las ventas de productos a lo largo del tiempo. Los KPIs proporcionan una visión clara del desempeño de las ventas totales y de productos específicos, mientras que el gráfico permite observar las tendencias de ventas a lo largo de varios meses. Los KPIs detectados incluyen el KPI de 'Total Sales', que muestra un valor de 1,164,012.2, haciendo referencia a las ventas acumuladas hasta la fecha actual y destacando un rendimiento sólido en las ventas. Además, se presenta el KPI de 'Product 2 Sales', con un valor de 1,027,782.2, que refleja su contribución significativa a las ventas totales. También se incluyen los KPIs de 'Product 4 Sales' y 'Product 6 Sales', con valores de 44,998.9 y 91,231.1 respectivamente, indicando su desempeño en el mercado. En conjunto, estos KPIs destacan la fortaleza de las ventas, especialmente de Product 2, que es el más destacado en comparación con los otros productos. En cuanto al gráfico, titulado 'Product Sales Over Time', se trata de un gráfico de líneas que muestra las ventas de Product 2, Product 4 y Product 6 a lo largo de varios meses. Las métricas mostradas son las ventas mensuales de cada producto, con valores que indican fluctuaciones significativas. Por ejemplo, las ventas de Product 2 alcanzan su punto máximo en 1,235,825.3, mientras que Product 4 presenta una tendencia más estable con un valor máximo de 44,998.9. Product 6, por su parte, muestra un crecimiento notable, alcanzando 1,268,904.2 en su punto más alto. Este gráfico ilustra claramente las variaciones en las ventas y permite inferir tendencias estacionales o cambios en la demanda a lo largo del tiempo. La tabla asociada, titulada 'Product Sales Data', complementa estos datos al presentar las ventas mensuales de cada producto, permitiendo comparaciones directas y un análisis más profundo del rendimiento de cada uno a lo largo de los meses.",
    "metadata": {
        "Title": "Resumen Cuadro de Mando Página 4 del Rx_Sales_Report",
        "Report_Id": "Rx_Sales_Report",
        "insertion_year": "2024",
        "insertion_month": "09",
        "insertion_day": "23",
        "page": 4,
        "elements": {
            "KPI": "Total Sales",
            "Table": "Product Sales Data",
            "Chart": "Product Sales Over Time",
            "Other": ""
        }
    }
}