{
    "contenido": "En la página 3 del informe Rx_Sales_Report se presentan indicadores clave de rendimiento (KPIs) y visualizaciones que reflejan el desempeño de ventas en el mercado y para el producto SDG. Los KPIs muestran un crecimiento significativo en ventas, tanto a nivel de mercado como para el producto específico. En los gráficos, se observan tendencias de ventas a lo largo del tiempo, destacando el rendimiento en diferentes territorios y la distribución de productos. La tabla proporciona un resumen detallado de las ventas por producto, incluyendo variaciones porcentuales y participación de mercado. \n\nLos KPIs detectados incluyen el KPI 'Market Sales', que tiene un valor de 1.274.941 y una referencia igual, indicando un crecimiento del 34.0% año tras año (YoY), lo que sugiere un notable aumento en el rendimiento de ventas. Otro KPI importante es 'Market YTD Sales', con un valor de 4.268.536 y un incremento del 5.0% YoY, lo que reafirma un crecimiento constante en el desempeño general de ventas. Además, el KPI 'Market MAT Sales' muestra un total de 11.878.024, con un crecimiento del 4.6%, lo cual es crucial para evaluar las tendencias de ventas a largo plazo. En cuanto a las métricas del producto SDG, el KPI 'Prod. SDG Sales' reporta ventas de 1.124.537, con un crecimiento del 30.0% YoY, lo que indica una creciente popularidad del producto. Sin embargo, el KPI 'Prod. SDG MAT Sales' muestra un leve descenso del 0.2% con un total de 10.650.068, sugiriendo una posible estabilización en el rendimiento. \n\nLos gráficos presentados incluyen el gráfico 'Sales Market Terr.', que es un gráfico de líneas que muestra las métricas '% YoY Market Terr.', '% YoY Market District' y '% YoY Market National', utilizando datos desde mayo de 2022 hasta abril de 2023. Este gráfico ilustra las tendencias de ventas durante los últimos dos años, destacando un aumento constante en el rendimiento del mercado. Otro gráfico es 'Sales SDG Terr.', un gráfico de barras que también abarca el mismo rango de fechas y muestra las ventas del producto SDG en diferentes territorios, además de las métricas de crecimiento. Este gráfico revela un rendimiento fluctuante con picos notables en ciertos meses, lo que sugiere variaciones en la demanda del producto. Por último, el gráfico 'Product Distribution', que es otro gráfico de líneas, presenta las métricas '% Product 2', '% Product 4' y '% Product 6', mostrando la distribución de la participación de mercado entre diferentes productos a lo largo del tiempo. Este gráfico resalta la presencia estable de los productos 2 y 4, mientras que el producto 6 muestra una variabilidad significativa. \n\nLa tabla 'Product Sales Overview' ofrece una visión integral de las ventas por producto, con columnas que incluyen 'Product', 'Sales', '% YoY', '+/- PY', '% MS' y 'YoY vs Mar'. Los datos de la tabla indican que el 'Product 2' alcanzó ventas de 21.319.160, con un crecimiento del 13.6% YoY, mientras que el 'Product 4' reportó 874.309 con un aumento del 29.0%. El 'Product 6' destaca con un impresionante crecimiento del 269.5% YoY, alcanzando 1.044.530 en ventas. En total, las ventas suman 23.237.998, con un crecimiento general del 17.8% en comparación con el año anterior, lo que subraya el rendimiento robusto del portafolio de productos.",
    "metadata": {
        "Title": "Resumen Cuadro de Mando Página 3 del Rx_Sales_Report",
        "Report_Id": "Rx_Sales_Report",
        "insertion_year": "2024",
        "insertion_month": "09",
        "insertion_day": "23",
        "page": 3,
        "elements": {
            "KPI": "Market Sales",
            "Table": "Product Sales Overview",
            "Chart": "Sales Market Terr.",
            "Other": "Sales SDG Terr., Product Distribution"
        }
    }
}