{
    "contenido": "En esta página del informe se presentan indicadores clave de rendimiento (KPIs) y un gráfico que compara las ventas reales con los objetivos establecidos, así como una tabla que detalla las ventas por producto y distrito. Los KPIs reflejan el desempeño general y específico de los productos, mientras que el gráfico y la tabla ofrecen un análisis más profundo de las variaciones en las ventas.\n\nLos KPIs detectados incluyen el KPI titulado 'Total Sales', que muestra un valor de 24.579.113, superando el objetivo de 24.401.325. Este KPI es fundamental para evaluar el rendimiento de las ventas en general. Otro KPI es 'Product 1 Total Sales', con un valor de 3.259.954, que se compara con un objetivo de 3.321.355, indicando que las ventas de este producto están ligeramente por debajo de la meta. Finalmente, 'Product 2 Total Sales' reporta un valor de 21.319.160, superando el objetivo de 21.079.971, lo que sugiere un rendimiento positivo en comparación con el objetivo establecido.\n\nEl gráfico titulado 'Sales vs Target Comparison' es un gráfico de barras que muestra las métricas de ventas y objetivos. Las métricas presentadas incluyen las ventas de 'Product 1' y 'Product 2', con valores de 3.259.954 y 21.319.160, respectivamente, en comparación con sus objetivos de 3.321.355 y 21.079.971. Este gráfico ilustra claramente que, mientras las ventas de 'Product 1' están por debajo de la meta, 'Product 2' ha superado su objetivo, lo que resalta una variación significativa en el rendimiento entre los dos productos.\n\nLa tabla titulada 'Sales Detail by Product and District' proporciona un desglose detallado de las ventas por producto y distrito. Contiene columnas que incluyen 'Product', 'District', 'Sales', '% YoY Sales', 'Target', '% St Target', y '% YoY St Target'. Los datos revelan que 'Product 1' tiene variaciones en el rendimiento a través de los distritos, con algunos distritos superando su objetivo, mientras que otros están por debajo. Por otro lado, 'Product 2' muestra un rendimiento más consistente, con la mayoría de los distritos superando sus objetivos, lo que indica un desempeño sólido en comparación con el año anterior.",
    "metadata": {
        "Title": "Resumen Cuadro de Mando Página 2 del Rx_Sales_Report",
        "Report_Id": "Rx_Sales_Report",
        "insertion_year": "2024",
        "insertion_month": "09",
        "insertion_day": "23",
        "page": 2,
        "elements": {
            "KPI": "Total Sales",
            "Table": "Sales Detail by Product and District",
            "Chart": "Sales vs Target Comparison",
            "Other": ""
        }
    }
}