{
    "contenido": "En esta página del informe se presentan indicadores clave de rendimiento (KPIs) y un gráfico que ilustran el desempeño de las ventas en el periodo actual. Los KPIs destacan un crecimiento significativo en las ventas totales y un aumento en el porcentaje de crecimiento interanual. En particular, el KPI titulado 'Total Sales' muestra un valor de 21.287.717, con una referencia al año anterior de 17.740.214, lo que indica un aumento notable en las ventas. Además, el KPI '% YoY Growth' muestra un crecimiento del 13,6 %, comparado con el 11 % del año pasado, lo que resalta una mejora en el rendimiento de las ventas. Por último, el KPI '+/- PY' refleja un cambio absoluto en las ventas de 2.547.503, superando el cambio del año anterior de 2.013.379, lo que sugiere una tendencia positiva en la generación de ingresos. En cuanto a los gráficos, se presenta un gráfico de líneas titulado 'Sales Trend Comparison', que muestra la comparación de las ventas entre 2022 y 2023. Este gráfico incluye métricas de ventas mensuales, donde se observan fluctuaciones en las cifras de ventas a lo largo de los meses, con una tendencia general a la baja en las ventas a partir de la mitad del año. Los valores de ventas para 2022 y 2023 muestran que, a pesar de algunas subidas, la tendencia es de declive, lo que puede ser motivo de análisis adicional. Finalmente, se incluye una tabla titulada 'Top Accounts Sales' que detalla las cuentas principales por ventas, mostrando sus ingresos, porcentajes de crecimiento interanual y cambios absolutos en comparación con el año anterior. Esta tabla proporciona un contexto adicional sobre el desempeño de las cuentas individuales, destacando tanto los logros como las caídas en ventas.",
    "metadata": {
        "Title": "Resumen Cuadro de Mando Página 6 del Rx_Sales_Report",
        "Report_Id": "Rx_Sales_Report",
        "insertion_year": "2024",
        "insertion_month": "09",
        "insertion_day": "23",
        "page": 6,
        "elements": {
            "KPI": "Total Sales",
            "Table": "Top Accounts Sales",
            "Chart": "Sales Trend Comparison",
            "Other": ""
        }
    }
}